{
  "saved_at": "20260202_162919",
  "metrics": {
    "timestamp": 1770020959.718289,
    "loss": 1.8209707736968994,
    "learning_rate": 0.001,
    "grad_norm": 0.736873209476471,
    "perplexity": 6.177852836853527,
    "tokens_per_sec": 778.0892570791408,
    "step": 159,
    "epoch": 32,
    "sample_output": "",
    "anomalies": []
  }
}