{
  "saved_at": "20260201_161723",
  "metrics": {
    "timestamp": 1769933843.4023733,
    "loss": 3.0270724296569824,
    "learning_rate": 0.001,
    "grad_norm": 1.099542498588562,
    "perplexity": 20.636728593144092,
    "tokens_per_sec": 944.4064757618005,
    "step": 27,
    "epoch": 1,
    "sample_output": "",
    "anomalies": []
  }
}