{
  "saved_at": "20260201_175841",
  "metrics": {
    "timestamp": 1769939921.9545343,
    "loss": 1.80154550075531,
    "learning_rate": 0.001,
    "grad_norm": 0.7527551651000977,
    "perplexity": 6.059004427873122,
    "tokens_per_sec": 925.070659857436,
    "step": 1212,
    "epoch": 1,
    "sample_output": "",
    "anomalies": []
  }
}