{
  "saved_at": "20260201_171713",
  "metrics": {
    "timestamp": 1769937433.3838084,
    "loss": 1.9142136573791504,
    "learning_rate": 0.001,
    "grad_norm": 0.7574297189712524,
    "perplexity": 6.781604035508189,
    "tokens_per_sec": 912.2658529609145,
    "step": 480,
    "epoch": 1,
    "sample_output": "",
    "anomalies": []
  }
}