{
  "saved_at": "20260201_181300",
  "metrics": {
    "timestamp": 1769940780.0725746,
    "loss": 1.8920701742172241,
    "learning_rate": 0.001,
    "grad_norm": 0.7154458165168762,
    "perplexity": 6.633086121267434,
    "tokens_per_sec": 911.960544522092,
    "step": 1464,
    "epoch": 1,
    "sample_output": "",
    "anomalies": []
  }
}