{
  "saved_at": "20260201_170107",
  "metrics": {
    "timestamp": 1769936467.5773523,
    "loss": 1.9464586973190308,
    "learning_rate": 0.001,
    "grad_norm": 0.7491656541824341,
    "perplexity": 7.003840891206812,
    "tokens_per_sec": 928.0127605713697,
    "step": 195,
    "epoch": 1,
    "sample_output": "",
    "anomalies": []
  }
}