{
  "saved_at": "20260201_171138",
  "metrics": {
    "timestamp": 1769937098.8536396,
    "loss": 1.9345858097076416,
    "learning_rate": 0.001,
    "grad_norm": 0.7395397424697876,
    "perplexity": 6.921176777387022,
    "tokens_per_sec": 915.0936448713736,
    "step": 381,
    "epoch": 1,
    "sample_output": "",
    "anomalies": []
  }
}