{
  "saved_at": "20260201_184002",
  "metrics": {
    "timestamp": 1769942402.3287132,
    "loss": 1.9230375289916992,
    "learning_rate": 0.001,
    "grad_norm": 0.6769731640815735,
    "perplexity": 6.841708827344914,
    "tokens_per_sec": 913.1571401565498,
    "step": 1938,
    "epoch": 1,
    "sample_output": "",
    "anomalies": []
  }
}