{
  "saved_at": "20260201_165003",
  "metrics": {
    "timestamp": 1769935803.5014477,
    "loss": 2.218665361404419,
    "learning_rate": 0.001,
    "grad_norm": 0.8126387596130371,
    "perplexity": 9.195050603425342,
    "tokens_per_sec": 863.3917529921405,
    "step": 0,
    "epoch": 1,
    "sample_output": "",
    "anomalies": []
  }
}