{
  "saved_at": "20260201_173412",
  "metrics": {
    "timestamp": 1769938452.3582292,
    "loss": 1.9336103200912476,
    "learning_rate": 0.001,
    "grad_norm": 0.6872225403785706,
    "perplexity": 6.914428533263615,
    "tokens_per_sec": 940.10360272082,
    "step": 780,
    "epoch": 1,
    "sample_output": "",
    "anomalies": []
  }
}