{
  "saved_at": "20260201_164416",
  "metrics": {
    "timestamp": 1769935456.756121,
    "loss": 2.1016666889190674,
    "learning_rate": 0.001,
    "grad_norm": 0.737392008304596,
    "perplexity": 8.179791725981604,
    "tokens_per_sec": 955.034090709692,
    "step": 486,
    "epoch": 1,
    "sample_output": "",
    "anomalies": []
  }
}