{
  "saved_at": "20260202_171047",
  "metrics": {
    "timestamp": 1770023447.1474235,
    "loss": 1.6650315523147583,
    "learning_rate": 0.001,
    "grad_norm": 0.7202242612838745,
    "perplexity": 5.285840027617949,
    "tokens_per_sec": 827.6635001572007,
    "step": 185,
    "epoch": 165,
    "sample_output": "Onocie uorar a rrililiimr Greg the AI ",
    "anomalies": []
  }
}