{
  "saved_at": "20260202_162842",
  "metrics": {
    "timestamp": 1770020922.096613,
    "loss": 1.7632583379745483,
    "learning_rate": 0.001,
    "grad_norm": 0.6760667562484741,
    "perplexity": 5.83140716807328,
    "tokens_per_sec": 780.9355862114069,
    "step": 150,
    "epoch": 32,
    "sample_output": "",
    "anomalies": []
  }
}