{
  "saved_at": "20260202_170533",
  "metrics": {
    "timestamp": 1770023133.4338813,
    "loss": 1.7248531579971313,
    "learning_rate": 0.001,
    "grad_norm": 0.680499792098999,
    "perplexity": 5.611696936371252,
    "tokens_per_sec": 821.795200629367,
    "step": 107,
    "epoch": 165,
    "sample_output": "Onocie uorar a rrililiimr Greg the AI ",
    "anomalies": []
  }
}