{
  "saved_at": "20260202_162610",
  "metrics": {
    "timestamp": 1770020770.9650934,
    "loss": 1.7658495903015137,
    "learning_rate": 0.001,
    "grad_norm": 0.6744202971458435,
    "perplexity": 5.8465374101384,
    "tokens_per_sec": 780.6281365313921,
    "step": 114,
    "epoch": 32,
    "sample_output": "",
    "anomalies": []
  }
}