{
  "saved_at": "20260201_165935",
  "metrics": {
    "timestamp": 1769936375.5590363,
    "loss": 2.0467045307159424,
    "learning_rate": 0.001,
    "grad_norm": 0.7572002410888672,
    "perplexity": 7.74234436067356,
    "tokens_per_sec": 932.6183899007812,
    "step": 168,
    "epoch": 1,
    "sample_output": "",
    "anomalies": []
  }
}