{
  "saved_at": "20260201_183240",
  "metrics": {
    "timestamp": 1769941960.8625045,
    "loss": 1.9066721200942993,
    "learning_rate": 0.001,
    "grad_norm": 0.7146528959274292,
    "perplexity": 6.7306526830724,
    "tokens_per_sec": 927.8762663972864,
    "step": 1809,
    "epoch": 1,
    "sample_output": "",
    "anomalies": []
  }
}