{
  "saved_at": "20260202_162042",
  "metrics": {
    "timestamp": 1770020442.024559,
    "loss": 1.830618143081665,
    "learning_rate": 0.001,
    "grad_norm": 0.7178528308868408,
    "perplexity": 6.237741283666763,
    "tokens_per_sec": 761.6575269431974,
    "step": 36,
    "epoch": 32,
    "sample_output": "",
    "anomalies": []
  }
}