{
  "saved_at": "20260202_174458",
  "metrics": {
    "timestamp": 1770025498.862241,
    "loss": 1.7999000549316406,
    "learning_rate": 0.001,
    "grad_norm": 0.727678656578064,
    "perplexity": 6.049042862197574,
    "tokens_per_sec": 799.1486199189345,
    "step": 9,
    "epoch": 32,
    "sample_output": "",
    "anomalies": []
  }
}