{
  "saved_at": "20260202_171343",
  "metrics": {
    "timestamp": 1770023623.1176822,
    "loss": 1.6778502464294434,
    "learning_rate": 0.001,
    "grad_norm": 0.65036541223526,
    "perplexity": 5.354033737433983,
    "tokens_per_sec": 773.1846963021907,
    "step": 222,
    "epoch": 165,
    "sample_output": "Onocie uorar a rrililiimr Greg the AI ",
    "anomalies": []
  }
}