{
  "saved_at": "20260201_182711",
  "metrics": {
    "timestamp": 1769941631.1830964,
    "loss": 1.8240164518356323,
    "learning_rate": 0.001,
    "grad_norm": 0.6749341487884521,
    "perplexity": 6.196697270656085,
    "tokens_per_sec": 929.4596414425624,
    "step": 1713,
    "epoch": 1,
    "sample_output": "",
    "anomalies": []
  }
}