{
  "saved_at": "20260202_171558",
  "metrics": {
    "timestamp": 1770023758.321003,
    "loss": 1.8455634117126465,
    "learning_rate": 0.001,
    "grad_norm": 0.7313162088394165,
    "perplexity": 6.331666120504514,
    "tokens_per_sec": 811.0797738133144,
    "step": 255,
    "epoch": 165,
    "sample_output": "Onocie uorar a rrililiimr Greg the AI ",
    "anomalies": []
  }
}