{
  "saved_at": "20260202_170357",
  "metrics": {
    "timestamp": 1770023037.4079049,
    "loss": 1.6984715461730957,
    "learning_rate": 0.001,
    "grad_norm": 0.6504242420196533,
    "perplexity": 5.4655871066704735,
    "tokens_per_sec": 811.5927263119304,
    "step": 83,
    "epoch": 165,
    "sample_output": "Onocie uorar a rrililiimr Greg the AI ",
    "anomalies": []
  }
}