{
  "saved_at": "20260201_170654",
  "metrics": {
    "timestamp": 1769936814.0527008,
    "loss": 1.9727128744125366,
    "learning_rate": 0.001,
    "grad_norm": 0.7006624937057495,
    "perplexity": 7.19015604395947,
    "tokens_per_sec": 914.0396265938474,
    "step": 297,
    "epoch": 1,
    "sample_output": "",
    "anomalies": []
  }
}