{
  "saved_at": "20260201_172916",
  "metrics": {
    "timestamp": 1769938156.4334867,
    "loss": 1.9556516408920288,
    "learning_rate": 0.001,
    "grad_norm": 0.7711560130119324,
    "perplexity": 7.068523662317501,
    "tokens_per_sec": 932.3792736262025,
    "step": 693,
    "epoch": 1,
    "sample_output": "",
    "anomalies": []
  }
}