{
  "saved_at": "20260201_165904",
  "metrics": {
    "timestamp": 1769936344.8113286,
    "loss": 2.0753610134124756,
    "learning_rate": 0.001,
    "grad_norm": 0.7310206890106201,
    "perplexity": 7.9674222862056245,
    "tokens_per_sec": 904.6621640823737,
    "step": 159,
    "epoch": 1,
    "sample_output": "",
    "anomalies": []
  }
}