{
  "saved_at": "20260202_170458",
  "metrics": {
    "timestamp": 1770023098.2167838,
    "loss": 1.637986183166504,
    "learning_rate": 0.001,
    "grad_norm": 0.6561246514320374,
    "perplexity": 5.144798391365282,
    "tokens_per_sec": 817.1352679130464,
    "step": 98,
    "epoch": 165,
    "sample_output": "Onocie uorar a rrililiimr Greg the AI ",
    "anomalies": []
  }
}