{
  "saved_at": "20260201_174404",
  "metrics": {
    "timestamp": 1769939044.4768167,
    "loss": 1.8261559009552002,
    "learning_rate": 0.001,
    "grad_norm": 0.7328542470932007,
    "perplexity": 6.209968981188407,
    "tokens_per_sec": 924.4687265866535,
    "step": 954,
    "epoch": 1,
    "sample_output": "",
    "anomalies": []
  }
}