{
  "saved_at": "20260201_170905",
  "metrics": {
    "timestamp": 1769936945.7183824,
    "loss": 1.9696804285049438,
    "learning_rate": 0.001,
    "grad_norm": 0.7708353400230408,
    "perplexity": 7.168385310657707,
    "tokens_per_sec": 945.0079093976697,
    "step": 336,
    "epoch": 1,
    "sample_output": "",
    "anomalies": []
  }
}