{
  "saved_at": "20260201_170309",
  "metrics": {
    "timestamp": 1769936589.4525912,
    "loss": 1.9363532066345215,
    "learning_rate": 0.001,
    "grad_norm": 0.7288274168968201,
    "perplexity": 6.9334200601369025,
    "tokens_per_sec": 940.8478016535121,
    "step": 231,
    "epoch": 1,
    "sample_output": "",
    "anomalies": []
  }
}