{
  "saved_at": "20260201_173928",
  "metrics": {
    "timestamp": 1769938768.8094816,
    "loss": 1.9307924509048462,
    "learning_rate": 0.001,
    "grad_norm": 0.7811066508293152,
    "perplexity": 6.894972004009648,
    "tokens_per_sec": 922.3328654821167,
    "step": 873,
    "epoch": 1,
    "sample_output": "",
    "anomalies": []
  }
}