{
  "saved_at": "20260202_170621",
  "metrics": {
    "timestamp": 1770023181.3071275,
    "loss": 1.6216814517974854,
    "learning_rate": 0.001,
    "grad_norm": 0.7009608745574951,
    "perplexity": 5.061593991615838,
    "tokens_per_sec": 789.8167858959016,
    "step": 119,
    "epoch": 165,
    "sample_output": "Onocie uorar a rrililiimr Greg the AI ",
    "anomalies": []
  }
}