{
  "saved_at": "20260202_174729",
  "metrics": {
    "timestamp": 1770025649.6771255,
    "loss": 1.8337152004241943,
    "learning_rate": 0.001,
    "grad_norm": 0.6542763710021973,
    "perplexity": 6.257089872489091,
    "tokens_per_sec": 796.6025871008133,
    "step": 45,
    "epoch": 32,
    "sample_output": "",
    "anomalies": []
  }
}