{
  "saved_at": "20260201_170936",
  "metrics": {
    "timestamp": 1769936976.212571,
    "loss": 1.9586726427078247,
    "learning_rate": 0.001,
    "grad_norm": 0.7668440937995911,
    "perplexity": 7.089909972912837,
    "tokens_per_sec": 939.0195741973491,
    "step": 345,
    "epoch": 1,
    "sample_output": "",
    "anomalies": []
  }
}