{
  "saved_at": "20260201_173129",
  "metrics": {
    "timestamp": 1769938289.8072805,
    "loss": 1.9955013990402222,
    "learning_rate": 0.001,
    "grad_norm": 0.6869831085205078,
    "perplexity": 7.355890339762566,
    "tokens_per_sec": 929.5065384617016,
    "step": 732,
    "epoch": 1,
    "sample_output": "",
    "anomalies": []
  }
}