{
  "saved_at": "20260202_172213",
  "metrics": {
    "timestamp": 1770024133.1861713,
    "loss": 1.7335116863250732,
    "learning_rate": 0.001,
    "grad_norm": 0.70623779296875,
    "perplexity": 5.660496936476225,
    "tokens_per_sec": 755.2612400445418,
    "step": 348,
    "epoch": 165,
    "sample_output": "Onocie uorar a rrililiimr Greg the AI ",
    "anomalies": []
  }
}