{
  "saved_at": "20260201_173442",
  "metrics": {
    "timestamp": 1769938482.6753488,
    "loss": 1.9402192831039429,
    "learning_rate": 0.001,
    "grad_norm": 0.6678516268730164,
    "perplexity": 6.960277074467956,
    "tokens_per_sec": 945.9961285132232,
    "step": 789,
    "epoch": 1,
    "sample_output": "",
    "anomalies": []
  }
}