{
  "saved_at": "20260202_170310",
  "metrics": {
    "timestamp": 1770022990.0006645,
    "loss": 1.736965298652649,
    "learning_rate": 0.001,
    "grad_norm": 0.6802961230278015,
    "perplexity": 5.6800798949851625,
    "tokens_per_sec": 733.4496572597803,
    "step": 71,
    "epoch": 165,
    "sample_output": "Onocie uorar a rrililiimr Greg the AI ",
    "anomalies": []
  }
}