{
  "saved_at": "20260201_165023",
  "metrics": {
    "timestamp": 1769935823.88178,
    "loss": 2.019505739212036,
    "learning_rate": 0.001,
    "grad_norm": 0.9266430139541626,
    "perplexity": 7.534599955871344,
    "tokens_per_sec": 930.9628947227797,
    "step": 6,
    "epoch": 1,
    "sample_output": "",
    "anomalies": []
  }
}