{
  "saved_at": "20260202_163755",
  "metrics": {
    "timestamp": 1770021475.2057428,
    "loss": 1.8278449773788452,
    "learning_rate": 0.001,
    "grad_norm": 0.6969257593154907,
    "perplexity": 6.220466956831801,
    "tokens_per_sec": 782.0724653506666,
    "step": 282,
    "epoch": 32,
    "sample_output": "",
    "anomalies": []
  }
}