{
  "saved_at": "20260201_184022",
  "metrics": {
    "timestamp": 1769942422.889058,
    "loss": 1.8688305616378784,
    "learning_rate": 0.001,
    "grad_norm": 0.735078752040863,
    "perplexity": 6.48071317149554,
    "tokens_per_sec": 926.053653410797,
    "step": 1944,
    "epoch": 1,
    "sample_output": "",
    "anomalies": []
  }
}