{
  "saved_at": "20260202_163241",
  "metrics": {
    "timestamp": 1770021161.842363,
    "loss": 1.7919728755950928,
    "learning_rate": 0.001,
    "grad_norm": 0.6419534087181091,
    "perplexity": 6.001280574838779,
    "tokens_per_sec": 781.5698721434395,
    "step": 207,
    "epoch": 32,
    "sample_output": "",
    "anomalies": []
  }
}