{
  "saved_at": "20260202_172704",
  "metrics": {
    "timestamp": 1770024424.7386756,
    "loss": 1.7239760160446167,
    "learning_rate": 0.001,
    "grad_norm": 0.6571859121322632,
    "perplexity": 5.606776839690618,
    "tokens_per_sec": 742.0059947795298,
    "step": 417,
    "epoch": 165,
    "sample_output": "Onocie uorar a rrililiimr Greg the AI ",
    "anomalies": []
  }
}