{
  "saved_at": "20260201_183017",
  "metrics": {
    "timestamp": 1769941817.1630313,
    "loss": 1.9493314027786255,
    "learning_rate": 0.001,
    "grad_norm": 0.742427408695221,
    "perplexity": 7.02398979024279,
    "tokens_per_sec": 926.8422459546379,
    "step": 1767,
    "epoch": 1,
    "sample_output": "",
    "anomalies": []
  }
}