{
  "saved_at": "20260202_172512",
  "metrics": {
    "timestamp": 1770024312.7216961,
    "loss": 1.6115256547927856,
    "learning_rate": 0.001,
    "grad_norm": 0.697959303855896,
    "perplexity": 5.0104496160509235,
    "tokens_per_sec": 806.5255234445457,
    "step": 390,
    "epoch": 165,
    "sample_output": "Onocie uorar a rrililiimr Greg the AI ",
    "anomalies": []
  }
}