{
  "saved_at": "20260202_165939",
  "metrics": {
    "timestamp": 1770022779.5963876,
    "loss": 1.7497773170471191,
    "learning_rate": 0.001,
    "grad_norm": 0.622641921043396,
    "perplexity": 5.75332136675734,
    "tokens_per_sec": 831.6555285832308,
    "step": 18,
    "epoch": 165,
    "sample_output": "Onocie uorar a rrililiimr Greg the AI ",
    "anomalies": []
  }
}