{
  "saved_at": "20260201_165803",
  "metrics": {
    "timestamp": 1769936283.4157965,
    "loss": 1.9417778253555298,
    "learning_rate": 0.001,
    "grad_norm": 0.8539919853210449,
    "perplexity": 6.971133418208922,
    "tokens_per_sec": 908.2420345977964,
    "step": 141,
    "epoch": 1,
    "sample_output": "",
    "anomalies": []
  }
}