{
  "saved_at": "20260201_165237",
  "metrics": {
    "timestamp": 1769935957.598588,
    "loss": 1.9885342121124268,
    "learning_rate": 0.001,
    "grad_norm": 0.7925906181335449,
    "perplexity": 7.304818596528239,
    "tokens_per_sec": 932.010493688595,
    "step": 45,
    "epoch": 1,
    "sample_output": "",
    "anomalies": []
  }
}