{
  "saved_at": "20260202_162029",
  "metrics": {
    "timestamp": 1770020429.3931613,
    "loss": 1.9132540225982666,
    "learning_rate": 0.001,
    "grad_norm": 0.70303875207901,
    "perplexity": 6.775099293992818,
    "tokens_per_sec": 768.827619422626,
    "step": 33,
    "epoch": 32,
    "sample_output": "",
    "anomalies": []
  }
}