{
  "saved_at": "20260202_172627",
  "metrics": {
    "timestamp": 1770024387.9376948,
    "loss": 1.6710015535354614,
    "learning_rate": 0.001,
    "grad_norm": 0.6338081955909729,
    "perplexity": 5.317490882852065,
    "tokens_per_sec": 822.5622202208461,
    "step": 408,
    "epoch": 165,
    "sample_output": "Onocie uorar a rrililiimr Greg the AI ",
    "anomalies": []
  }
}