{
  "saved_at": "20260201_163933",
  "metrics": {
    "timestamp": 1769935173.2468834,
    "loss": 2.140667676925659,
    "learning_rate": 0.001,
    "grad_norm": 0.7114097476005554,
    "perplexity": 8.505114402186393,
    "tokens_per_sec": 947.9789267706102,
    "step": 405,
    "epoch": 1,
    "sample_output": "",
    "anomalies": []
  }
}