{
  "saved_at": "20260202_163459",
  "metrics": {
    "timestamp": 1770021299.8242652,
    "loss": 1.6799485683441162,
    "learning_rate": 0.001,
    "grad_norm": 0.7244653701782227,
    "perplexity": 5.365280018790046,
    "tokens_per_sec": 781.9110878290584,
    "step": 240,
    "epoch": 32,
    "sample_output": "",
    "anomalies": []
  }
}