{
  "saved_at": "20260201_181836",
  "metrics": {
    "timestamp": 1769941116.4831827,
    "loss": 1.803710699081421,
    "learning_rate": 0.001,
    "grad_norm": 0.7197276949882507,
    "perplexity": 6.072137586934479,
    "tokens_per_sec": 919.0582444250726,
    "step": 1563,
    "epoch": 1,
    "sample_output": "",
    "anomalies": []
  }
}