{
  "saved_at": "20260202_172256",
  "metrics": {
    "timestamp": 1770024176.971115,
    "loss": 1.8262492418289185,
    "learning_rate": 0.001,
    "grad_norm": 0.6836669445037842,
    "perplexity": 6.210548652171951,
    "tokens_per_sec": 812.4594257506899,
    "step": 357,
    "epoch": 165,
    "sample_output": "Onocie uorar a rrililiimr Greg the AI ",
    "anomalies": []
  }
}