{
  "saved_at": "20260201_180055",
  "metrics": {
    "timestamp": 1769940055.1029916,
    "loss": 1.7708823680877686,
    "learning_rate": 0.001,
    "grad_norm": 0.7744452953338623,
    "perplexity": 5.876035901154259,
    "tokens_per_sec": 930.027387059156,
    "step": 1251,
    "epoch": 1,
    "sample_output": "",
    "anomalies": []
  }
}