{
  "saved_at": "20260201_181704",
  "metrics": {
    "timestamp": 1769941024.1960852,
    "loss": 1.9099514484405518,
    "learning_rate": 0.001,
    "grad_norm": 0.7538315653800964,
    "perplexity": 6.752760933498269,
    "tokens_per_sec": 928.1392744766199,
    "step": 1536,
    "epoch": 1,
    "sample_output": "",
    "anomalies": []
  }
}