{
  "saved_at": "20260202_163422",
  "metrics": {
    "timestamp": 1770021262.36983,
    "loss": 1.6631115674972534,
    "learning_rate": 0.001,
    "grad_norm": 0.6557437181472778,
    "perplexity": 5.275701031491127,
    "tokens_per_sec": 778.9007749387248,
    "step": 231,
    "epoch": 32,
    "sample_output": "",
    "anomalies": []
  }
}