{
  "saved_at": "20260202_171200",
  "metrics": {
    "timestamp": 1770023520.5214746,
    "loss": 1.7112985849380493,
    "learning_rate": 0.001,
    "grad_norm": 0.730452835559845,
    "perplexity": 5.536145967547489,
    "tokens_per_sec": 830.497437857394,
    "step": 203,
    "epoch": 165,
    "sample_output": "Onocie uorar a rrililiimr Greg the AI ",
    "anomalies": []
  }
}