{
  "saved_at": "20260202_170321",
  "metrics": {
    "timestamp": 1770023001.8172913,
    "loss": 1.8171112537384033,
    "learning_rate": 0.001,
    "grad_norm": 0.6471757888793945,
    "perplexity": 6.154055243712413,
    "tokens_per_sec": 821.7235366558062,
    "step": 74,
    "epoch": 165,
    "sample_output": "Onocie uorar a rrililiimr Greg the AI ",
    "anomalies": []
  }
}