{
  "saved_at": "20260201_183342",
  "metrics": {
    "timestamp": 1769942022.3142197,
    "loss": 1.8700556755065918,
    "learning_rate": 0.001,
    "grad_norm": 0.7239741086959839,
    "perplexity": 6.488657648531933,
    "tokens_per_sec": 926.3534670775111,
    "step": 1827,
    "epoch": 1,
    "sample_output": "",
    "anomalies": []
  }
}