{
  "saved_at": "20260202_161926",
  "metrics": {
    "timestamp": 1770020366.332131,
    "loss": 1.8247896432876587,
    "learning_rate": 0.001,
    "grad_norm": 0.6759176850318909,
    "perplexity": 6.201490356764371,
    "tokens_per_sec": 767.5210605808646,
    "step": 18,
    "epoch": 32,
    "sample_output": "",
    "anomalies": []
  }
}