{
  "saved_at": "20260202_162751",
  "metrics": {
    "timestamp": 1770020871.465877,
    "loss": 1.7478491067886353,
    "learning_rate": 0.001,
    "grad_norm": 0.7208142876625061,
    "perplexity": 5.742238442016048,
    "tokens_per_sec": 779.8585539706465,
    "step": 138,
    "epoch": 32,
    "sample_output": "",
    "anomalies": []
  }
}