{
  "saved_at": "20260201_174354",
  "metrics": {
    "timestamp": 1769939034.2502632,
    "loss": 1.9262760877609253,
    "learning_rate": 0.001,
    "grad_norm": 0.7388574481010437,
    "perplexity": 6.863902021047911,
    "tokens_per_sec": 931.028988496534,
    "step": 951,
    "epoch": 1,
    "sample_output": "",
    "anomalies": []
  }
}