{
  "saved_at": "20260202_163434",
  "metrics": {
    "timestamp": 1770021274.816271,
    "loss": 1.7729253768920898,
    "learning_rate": 0.001,
    "grad_norm": 0.778356671333313,
    "perplexity": 5.888052965539175,
    "tokens_per_sec": 782.1015404316397,
    "step": 234,
    "epoch": 32,
    "sample_output": "",
    "anomalies": []
  }
}