{
  "saved_at": "20260201_170158",
  "metrics": {
    "timestamp": 1769936518.46384,
    "loss": 1.9870986938476562,
    "learning_rate": 0.001,
    "grad_norm": 0.7029906511306763,
    "perplexity": 7.294339918978057,
    "tokens_per_sec": 934.2362520820548,
    "step": 210,
    "epoch": 1,
    "sample_output": "",
    "anomalies": []
  }
}