{
  "saved_at": "20260201_175022",
  "metrics": {
    "timestamp": 1769939422.4169621,
    "loss": 1.782822608947754,
    "learning_rate": 0.001,
    "grad_norm": 0.6510470509529114,
    "perplexity": 5.946617728560624,
    "tokens_per_sec": 926.6921239671326,
    "step": 1065,
    "epoch": 1,
    "sample_output": "",
    "anomalies": []
  }
}