{
  "saved_at": "20260202_174809",
  "metrics": {
    "timestamp": 1770025689.4868891,
    "loss": 1.645315170288086,
    "learning_rate": 0.001,
    "grad_norm": 0.6517956852912903,
    "perplexity": 5.182643064681333,
    "tokens_per_sec": 703.4383994269132,
    "step": 54,
    "epoch": 32,
    "sample_output": "",
    "anomalies": []
  }
}