{
  "saved_at": "20260201_183129",
  "metrics": {
    "timestamp": 1769941889.188409,
    "loss": 1.8576631546020508,
    "learning_rate": 0.001,
    "grad_norm": 0.7298010587692261,
    "perplexity": 6.408743017582735,
    "tokens_per_sec": 928.0487729228095,
    "step": 1788,
    "epoch": 1,
    "sample_output": "",
    "anomalies": []
  }
}