{
  "saved_at": "20260202_162816",
  "metrics": {
    "timestamp": 1770020896.6563864,
    "loss": 1.8812453746795654,
    "learning_rate": 0.001,
    "grad_norm": 0.6916608214378357,
    "perplexity": 6.5616715154249965,
    "tokens_per_sec": 760.188209520298,
    "step": 144,
    "epoch": 32,
    "sample_output": "",
    "anomalies": []
  }
}