{
  "saved_at": "20260201_171955",
  "metrics": {
    "timestamp": 1769937595.9357483,
    "loss": 1.9180750846862793,
    "learning_rate": 0.001,
    "grad_norm": 0.7251659035682678,
    "perplexity": 6.807841330619752,
    "tokens_per_sec": 941.4054275036211,
    "step": 528,
    "epoch": 1,
    "sample_output": "",
    "anomalies": []
  }
}