{
  "saved_at": "20260202_173045",
  "metrics": {
    "timestamp": 1770024645.4557528,
    "loss": 1.7783757448196411,
    "learning_rate": 0.001,
    "grad_norm": 0.7232205271720886,
    "perplexity": 5.920232636439264,
    "tokens_per_sec": 825.0270953592419,
    "step": 471,
    "epoch": 165,
    "sample_output": "Onocie uorar a rrililiimr Greg the AI ",
    "anomalies": []
  }
}