{
  "saved_at": "20260202_173010",
  "metrics": {
    "timestamp": 1770024610.0315857,
    "loss": 1.6904329061508179,
    "learning_rate": 0.001,
    "grad_norm": 0.8002038598060608,
    "perplexity": 5.421827339562288,
    "tokens_per_sec": 823.6822079620217,
    "step": 462,
    "epoch": 165,
    "sample_output": "Onocie uorar a rrililiimr Greg the AI ",
    "anomalies": []
  }
}