{
  "saved_at": "20260202_170222",
  "metrics": {
    "timestamp": 1770022942.6192865,
    "loss": 1.862087607383728,
    "learning_rate": 0.001,
    "grad_norm": 0.6628440618515015,
    "perplexity": 6.437161019148268,
    "tokens_per_sec": 780.4410256797754,
    "step": 60,
    "epoch": 165,
    "sample_output": "Onocie uorar a rrililiimr Greg the AI ",
    "anomalies": []
  }
}