{
  "saved_at": "20260202_162351",
  "metrics": {
    "timestamp": 1770020631.9431994,
    "loss": 1.8064647912979126,
    "learning_rate": 0.001,
    "grad_norm": 0.684258222579956,
    "perplexity": 6.088883863610172,
    "tokens_per_sec": 765.846524086629,
    "step": 81,
    "epoch": 32,
    "sample_output": "",
    "anomalies": []
  }
}