{
  "saved_at": "20260202_162417",
  "metrics": {
    "timestamp": 1770020657.2968795,
    "loss": 1.7016667127609253,
    "learning_rate": 0.001,
    "grad_norm": 0.6473873257637024,
    "perplexity": 5.483078497048707,
    "tokens_per_sec": 769.7847875402184,
    "step": 87,
    "epoch": 32,
    "sample_output": "",
    "anomalies": []
  }
}