{
  "saved_at": "20260201_173231",
  "metrics": {
    "timestamp": 1769938351.134711,
    "loss": 1.8168365955352783,
    "learning_rate": 0.001,
    "grad_norm": 0.7638908624649048,
    "perplexity": 6.152365214058121,
    "tokens_per_sec": 932.0247585003183,
    "step": 750,
    "epoch": 1,
    "sample_output": "",
    "anomalies": []
  }
}