{
  "saved_at": "20260202_173120",
  "metrics": {
    "timestamp": 1770024680.443965,
    "loss": 1.8990592956542969,
    "learning_rate": 0.001,
    "grad_norm": 0.711508572101593,
    "perplexity": 6.679607949651562,
    "tokens_per_sec": 824.7234904014658,
    "step": 480,
    "epoch": 165,
    "sample_output": "Onocie uorar a rrililiimr Greg the AI ",
    "anomalies": []
  }
}