{
  "saved_at": "20260201_162405",
  "metrics": {
    "timestamp": 1769934245.3714402,
    "loss": 2.4980313777923584,
    "learning_rate": 0.001,
    "grad_norm": 0.9957255125045776,
    "perplexity": 12.158534823530479,
    "tokens_per_sec": 959.9396545420849,
    "step": 141,
    "epoch": 1,
    "sample_output": "",
    "anomalies": []
  }
}