{
  "saved_at": "20260202_162326",
  "metrics": {
    "timestamp": 1770020606.7289953,
    "loss": 1.8104883432388306,
    "learning_rate": 0.001,
    "grad_norm": 0.7130533456802368,
    "perplexity": 6.113432156646047,
    "tokens_per_sec": 758.6886526926611,
    "step": 75,
    "epoch": 32,
    "sample_output": "",
    "anomalies": []
  }
}