{
  "saved_at": "20260202_174548",
  "metrics": {
    "timestamp": 1770025548.8055332,
    "loss": 1.8162691593170166,
    "learning_rate": 0.001,
    "grad_norm": 0.6345256567001343,
    "perplexity": 6.148875129501528,
    "tokens_per_sec": 792.9693889284842,
    "step": 21,
    "epoch": 32,
    "sample_output": "",
    "anomalies": []
  }
}