{
  "saved_at": "20260202_165928",
  "metrics": {
    "timestamp": 1770022768.1177554,
    "loss": 1.7747665643692017,
    "learning_rate": 0.001,
    "grad_norm": 0.6660211682319641,
    "perplexity": 5.898903961217195,
    "tokens_per_sec": 830.5562910945006,
    "step": 15,
    "epoch": 165,
    "sample_output": "Onocie uorar a rrililiimr Greg the AI ",
    "anomalies": []
  }
}