{
  "saved_at": "20260202_170831",
  "metrics": {
    "timestamp": 1770023311.7304873,
    "loss": 1.7119152545928955,
    "learning_rate": 0.001,
    "grad_norm": 0.6833818554878235,
    "perplexity": 5.539560993633731,
    "tokens_per_sec": 812.1132123780059,
    "step": 152,
    "epoch": 165,
    "sample_output": "Onocie uorar a rrililiimr Greg the AI ",
    "anomalies": []
  }
}