{
  "saved_at": "20260202_170819",
  "metrics": {
    "timestamp": 1770023299.8417256,
    "loss": 1.7174861431121826,
    "learning_rate": 0.001,
    "grad_norm": 0.6977288722991943,
    "perplexity": 5.570507389802062,
    "tokens_per_sec": 788.744401147829,
    "step": 149,
    "epoch": 165,
    "sample_output": "Onocie uorar a rrililiimr Greg the AI ",
    "anomalies": []
  }
}