{
  "saved_at": "20260202_172524",
  "metrics": {
    "timestamp": 1770024324.6788592,
    "loss": 1.581486701965332,
    "learning_rate": 0.001,
    "grad_norm": 0.6347755193710327,
    "perplexity": 4.862179051656013,
    "tokens_per_sec": 819.4826863471416,
    "step": 393,
    "epoch": 165,
    "sample_output": "Onocie uorar a rrililiimr Greg the AI ",
    "anomalies": []
  }
}