{
  "saved_at": "20260201_170036",
  "metrics": {
    "timestamp": 1769936436.9507673,
    "loss": 1.9172059297561646,
    "learning_rate": 0.001,
    "grad_norm": 0.6632659435272217,
    "perplexity": 6.801926832443762,
    "tokens_per_sec": 906.4681798753926,
    "step": 186,
    "epoch": 1,
    "sample_output": "",
    "anomalies": []
  }
}