{
  "saved_at": "20260202_171459",
  "metrics": {
    "timestamp": 1770023699.259395,
    "loss": 1.6949573755264282,
    "learning_rate": 0.001,
    "grad_norm": 0.7267488241195679,
    "perplexity": 5.446413809743587,
    "tokens_per_sec": 808.6505196474648,
    "step": 240,
    "epoch": 165,
    "sample_output": "Onocie uorar a rrililiimr Greg the AI ",
    "anomalies": []
  }
}