{
  "saved_at": "20260202_163832",
  "metrics": {
    "timestamp": 1770021512.8605604,
    "loss": 1.7707602977752686,
    "learning_rate": 0.001,
    "grad_norm": 0.6447330713272095,
    "perplexity": 5.875318655393642,
    "tokens_per_sec": 771.7489338966471,
    "step": 291,
    "epoch": 32,
    "sample_output": "",
    "anomalies": []
  }
}