{
  "saved_at": "20260201_175326",
  "metrics": {
    "timestamp": 1769939606.2069662,
    "loss": 1.8627424240112305,
    "learning_rate": 0.001,
    "grad_norm": 0.7368884682655334,
    "perplexity": 6.44137755959725,
    "tokens_per_sec": 940.3087836799809,
    "step": 1119,
    "epoch": 1,
    "sample_output": "",
    "anomalies": []
  }
}