{
  "saved_at": "20260202_172717",
  "metrics": {
    "timestamp": 1770024437.8869946,
    "loss": 1.6883385181427002,
    "learning_rate": 0.001,
    "grad_norm": 0.6647077202796936,
    "perplexity": 5.410483812420327,
    "tokens_per_sec": 741.1574385028273,
    "step": 420,
    "epoch": 165,
    "sample_output": "Onocie uorar a rrililiimr Greg the AI ",
    "anomalies": []
  }
}