{
  "saved_at": "20260202_163614",
  "metrics": {
    "timestamp": 1770021374.9741695,
    "loss": 1.767678141593933,
    "learning_rate": 0.001,
    "grad_norm": 0.6937838792800903,
    "perplexity": 5.8572378838769215,
    "tokens_per_sec": 771.758652229671,
    "step": 258,
    "epoch": 32,
    "sample_output": "",
    "anomalies": []
  }
}