{
  "saved_at": "20260202_170657",
  "metrics": {
    "timestamp": 1770023217.3048735,
    "loss": 1.5603148937225342,
    "learning_rate": 0.001,
    "grad_norm": 0.6155766248703003,
    "perplexity": 4.76032000403711,
    "tokens_per_sec": 823.1551973117979,
    "step": 128,
    "epoch": 165,
    "sample_output": "Onocie uorar a rrililiimr Greg the AI ",
    "anomalies": []
  }
}