{
  "saved_at": "20260201_173007",
  "metrics": {
    "timestamp": 1769938207.905289,
    "loss": 1.899619221687317,
    "learning_rate": 0.001,
    "grad_norm": 0.7368862628936768,
    "perplexity": 6.683349083314262,
    "tokens_per_sec": 901.3830384936812,
    "step": 708,
    "epoch": 1,
    "sample_output": "",
    "anomalies": []
  }
}