{
  "saved_at": "20260202_162520",
  "metrics": {
    "timestamp": 1770020720.7408164,
    "loss": 1.8170009851455688,
    "learning_rate": 0.001,
    "grad_norm": 0.6744245886802673,
    "perplexity": 6.1533766821131675,
    "tokens_per_sec": 779.5534910119538,
    "step": 102,
    "epoch": 32,
    "sample_output": "",
    "anomalies": []
  }
}