{
  "saved_at": "20260201_170208",
  "metrics": {
    "timestamp": 1769936528.5911317,
    "loss": 1.9580689668655396,
    "learning_rate": 0.001,
    "grad_norm": 0.6348481774330139,
    "perplexity": 7.085631257146824,
    "tokens_per_sec": 936.7208251135869,
    "step": 213,
    "epoch": 1,
    "sample_output": "",
    "anomalies": []
  }
}