{
  "saved_at": "20260202_162236",
  "metrics": {
    "timestamp": 1770020556.162622,
    "loss": 1.8416156768798828,
    "learning_rate": 0.001,
    "grad_norm": 0.6791636347770691,
    "perplexity": 6.306719655024937,
    "tokens_per_sec": 766.4012063457404,
    "step": 63,
    "epoch": 32,
    "sample_output": "",
    "anomalies": []
  }
}