{
  "saved_at": "20260202_165842",
  "metrics": {
    "timestamp": 1770022722.0225444,
    "loss": 1.8300807476043701,
    "learning_rate": 0.001,
    "grad_norm": 0.7047003507614136,
    "perplexity": 6.234390050261873,
    "tokens_per_sec": 791.7933098718081,
    "step": 3,
    "epoch": 165,
    "sample_output": "Onocie uorar a rrililiimr Greg the AI ",
    "anomalies": []
  }
}