{
  "saved_at": "20260201_170956",
  "metrics": {
    "timestamp": 1769936996.4834964,
    "loss": 1.9638745784759521,
    "learning_rate": 0.001,
    "grad_norm": 0.6946297883987427,
    "perplexity": 7.126887322708688,
    "tokens_per_sec": 933.552957916458,
    "step": 351,
    "epoch": 1,
    "sample_output": "",
    "anomalies": []
  }
}