{
  "saved_at": "20260202_170958",
  "metrics": {
    "timestamp": 1770023398.8304543,
    "loss": 1.714976191520691,
    "learning_rate": 0.001,
    "grad_norm": 0.6746376752853394,
    "perplexity": 5.556543217942327,
    "tokens_per_sec": 789.8744033348543,
    "step": 173,
    "epoch": 165,
    "sample_output": "Onocie uorar a rrililiimr Greg the AI ",
    "anomalies": []
  }
}