{
  "saved_at": "20260202_174638",
  "metrics": {
    "timestamp": 1770025598.7500055,
    "loss": 1.8323472738265991,
    "learning_rate": 0.001,
    "grad_norm": 0.692773163318634,
    "perplexity": 6.2485364843663005,
    "tokens_per_sec": 797.0882712760796,
    "step": 33,
    "epoch": 32,
    "sample_output": "",
    "anomalies": []
  }
}