{
  "saved_at": "20260202_171447",
  "metrics": {
    "timestamp": 1770023687.4715598,
    "loss": 1.8273162841796875,
    "learning_rate": 0.001,
    "grad_norm": 0.8197373151779175,
    "perplexity": 6.217179107464523,
    "tokens_per_sec": 808.087979106802,
    "step": 237,
    "epoch": 165,
    "sample_output": "Onocie uorar a rrililiimr Greg the AI ",
    "anomalies": []
  }
}