{
  "saved_at": "20260202_170409",
  "metrics": {
    "timestamp": 1770023049.4524543,
    "loss": 1.6264511346817017,
    "learning_rate": 0.001,
    "grad_norm": 0.6334609985351562,
    "perplexity": 5.0857938568072605,
    "tokens_per_sec": 779.897712257307,
    "step": 86,
    "epoch": 165,
    "sample_output": "Onocie uorar a rrililiimr Greg the AI ",
    "anomalies": []
  }
}