{
  "saved_at": "20260202_170934",
  "metrics": {
    "timestamp": 1770023374.2327287,
    "loss": 1.7114057540893555,
    "learning_rate": 0.001,
    "grad_norm": 0.6905514597892761,
    "perplexity": 5.53673930340542,
    "tokens_per_sec": 738.0865961856838,
    "step": 167,
    "epoch": 165,
    "sample_output": "Onocie uorar a rrililiimr Greg the AI ",
    "anomalies": []
  }
}