{
  "saved_at": "20260202_163652",
  "metrics": {
    "timestamp": 1770021412.564309,
    "loss": 1.8041176795959473,
    "learning_rate": 0.001,
    "grad_norm": 0.7048278450965881,
    "perplexity": 6.074609331555717,
    "tokens_per_sec": 779.2911059792299,
    "step": 267,
    "epoch": 32,
    "sample_output": "",
    "anomalies": []
  }
}