{
  "saved_at": "20260202_162223",
  "metrics": {
    "timestamp": 1770020543.5055873,
    "loss": 1.8361002206802368,
    "learning_rate": 0.001,
    "grad_norm": 0.6694698333740234,
    "perplexity": 6.2720309689051765,
    "tokens_per_sec": 766.7091995065147,
    "step": 60,
    "epoch": 32,
    "sample_output": "",
    "anomalies": []
  }
}