{
  "saved_at": "20260202_165951",
  "metrics": {
    "timestamp": 1770022791.1359098,
    "loss": 1.8345967531204224,
    "learning_rate": 0.001,
    "grad_norm": 0.6532966494560242,
    "perplexity": 6.2626082589535805,
    "tokens_per_sec": 830.008047918351,
    "step": 21,
    "epoch": 165,
    "sample_output": "Onocie uorar a rrililiimr Greg the AI ",
    "anomalies": []
  }
}