{
  "saved_at": "20260201_161921",
  "metrics": {
    "timestamp": 1769933961.2346373,
    "loss": 2.77610182762146,
    "learning_rate": 0.001,
    "grad_norm": 0.7479591965675354,
    "perplexity": 16.056308537106336,
    "tokens_per_sec": 913.1131319839129,
    "step": 60,
    "epoch": 1,
    "sample_output": "",
    "anomalies": []
  }
}