{
  "saved_at": "20260201_175518",
  "metrics": {
    "timestamp": 1769939718.2319202,
    "loss": 1.8560594320297241,
    "learning_rate": 0.001,
    "grad_norm": 0.7584055662155151,
    "perplexity": 6.398473408748001,
    "tokens_per_sec": 933.4007205870289,
    "step": 1152,
    "epoch": 1,
    "sample_output": "",
    "anomalies": []
  }
}