{
  "saved_at": "20260202_162648",
  "metrics": {
    "timestamp": 1770020808.4774594,
    "loss": 1.895108699798584,
    "learning_rate": 0.001,
    "grad_norm": 0.7310875654220581,
    "perplexity": 6.653271574608029,
    "tokens_per_sec": 779.4121151798043,
    "step": 123,
    "epoch": 32,
    "sample_output": "",
    "anomalies": []
  }
}