{
  "saved_at": "20260202_163126",
  "metrics": {
    "timestamp": 1770021086.6818519,
    "loss": 1.708183765411377,
    "learning_rate": 0.001,
    "grad_norm": 0.711892306804657,
    "perplexity": 5.51892870024576,
    "tokens_per_sec": 777.7521793452017,
    "step": 189,
    "epoch": 32,
    "sample_output": "",
    "anomalies": []
  }
}