{
  "saved_at": "20260201_173938",
  "metrics": {
    "timestamp": 1769938778.931057,
    "loss": 1.9672362804412842,
    "learning_rate": 0.001,
    "grad_norm": 0.7432025671005249,
    "perplexity": 7.150886109611753,
    "tokens_per_sec": 941.050883841112,
    "step": 876,
    "epoch": 1,
    "sample_output": "",
    "anomalies": []
  }
}