{
  "saved_at": "20260202_164359",
  "metrics": {
    "timestamp": 1770021839.1098502,
    "loss": 1.8500031232833862,
    "learning_rate": 0.001,
    "grad_norm": 0.6338299512863159,
    "perplexity": 6.3598393861515055,
    "tokens_per_sec": 781.1590694819056,
    "step": 369,
    "epoch": 32,
    "sample_output": "",
    "anomalies": []
  }
}