{
  "saved_at": "20260202_170807",
  "metrics": {
    "timestamp": 1770023287.6465602,
    "loss": 1.7615662813186646,
    "learning_rate": 0.001,
    "grad_norm": 0.7038841843605042,
    "perplexity": 5.821548439876879,
    "tokens_per_sec": 824.9985730252919,
    "step": 146,
    "epoch": 165,
    "sample_output": "Onocie uorar a rrililiimr Greg the AI ",
    "anomalies": []
  }
}