{
  "saved_at": "20260202_174755",
  "metrics": {
    "timestamp": 1770025675.6833687,
    "loss": 1.7465238571166992,
    "learning_rate": 0.001,
    "grad_norm": 0.6960368156433105,
    "perplexity": 5.73463358268628,
    "tokens_per_sec": 735.2060688560699,
    "step": 51,
    "epoch": 32,
    "sample_output": "",
    "anomalies": []
  }
}