{
  "saved_at": "20260202_162738",
  "metrics": {
    "timestamp": 1770020858.7927325,
    "loss": 1.8146567344665527,
    "learning_rate": 0.001,
    "grad_norm": 0.7145876288414001,
    "perplexity": 6.138968519418823,
    "tokens_per_sec": 756.8298992906361,
    "step": 135,
    "epoch": 32,
    "sample_output": "",
    "anomalies": []
  }
}