{
  "saved_at": "20260202_174651",
  "metrics": {
    "timestamp": 1770025611.7954197,
    "loss": 1.8302642107009888,
    "learning_rate": 0.001,
    "grad_norm": 0.712243378162384,
    "perplexity": 6.235533935693196,
    "tokens_per_sec": 752.7188308434601,
    "step": 36,
    "epoch": 32,
    "sample_output": "",
    "anomalies": []
  }
}