{
  "saved_at": "20260202_170509",
  "metrics": {
    "timestamp": 1770023109.8997896,
    "loss": 1.69857919216156,
    "learning_rate": 0.001,
    "grad_norm": 0.7146390080451965,
    "perplexity": 5.466175486864925,
    "tokens_per_sec": 828.4873083098922,
    "step": 101,
    "epoch": 165,
    "sample_output": "Onocie uorar a rrililiimr Greg the AI ",
    "anomalies": []
  }
}