{
  "saved_at": "20260201_161744",
  "metrics": {
    "timestamp": 1769933864.7678204,
    "loss": 2.9960830211639404,
    "learning_rate": 0.001,
    "grad_norm": 0.8898126482963562,
    "perplexity": 20.007016182581694,
    "tokens_per_sec": 939.5252270789141,
    "step": 33,
    "epoch": 1,
    "sample_output": "",
    "anomalies": []
  }
}