{
  "saved_at": "20260202_162455",
  "metrics": {
    "timestamp": 1770020695.1121378,
    "loss": 1.7788037061691284,
    "learning_rate": 0.001,
    "grad_norm": 0.6629611253738403,
    "perplexity": 5.922766809412999,
    "tokens_per_sec": 766.4347736806343,
    "step": 96,
    "epoch": 32,
    "sample_output": "",
    "anomalies": []
  }
}