{
  "saved_at": "20260202_164437",
  "metrics": {
    "timestamp": 1770021877.3188026,
    "loss": 1.7300933599472046,
    "learning_rate": 0.001,
    "grad_norm": 0.6642317771911621,
    "perplexity": 5.641180544162371,
    "tokens_per_sec": 776.749169257273,
    "step": 378,
    "epoch": 32,
    "sample_output": "",
    "anomalies": []
  }
}