{
  "saved_at": "20260202_172136",
  "metrics": {
    "timestamp": 1770024096.6440594,
    "loss": 1.7165077924728394,
    "learning_rate": 0.001,
    "grad_norm": 0.6600359678268433,
    "perplexity": 5.565060145427786,
    "tokens_per_sec": 811.383075328975,
    "step": 339,
    "epoch": 165,
    "sample_output": "Onocie uorar a rrililiimr Greg the AI ",
    "anomalies": []
  }
}