{
  "saved_at": "20260202_171330",
  "metrics": {
    "timestamp": 1770023610.8832247,
    "loss": 1.6661235094070435,
    "learning_rate": 0.001,
    "grad_norm": 0.6874038577079773,
    "perplexity": 5.291615090611454,
    "tokens_per_sec": 674.9314668006954,
    "step": 219,
    "epoch": 165,
    "sample_output": "Onocie uorar a rrililiimr Greg the AI ",
    "anomalies": []
  }
}