{
  "saved_at": "20260201_175245",
  "metrics": {
    "timestamp": 1769939565.3898947,
    "loss": 1.8750888109207153,
    "learning_rate": 0.001,
    "grad_norm": 0.9102141261100769,
    "perplexity": 6.521398265996856,
    "tokens_per_sec": 932.0606866275929,
    "step": 1107,
    "epoch": 1,
    "sample_output": "",
    "anomalies": []
  }
}