{
  "saved_at": "20260202_174613",
  "metrics": {
    "timestamp": 1770025573.8218663,
    "loss": 1.8269178867340088,
    "learning_rate": 0.001,
    "grad_norm": 0.7140440344810486,
    "perplexity": 6.214702692520231,
    "tokens_per_sec": 794.7366802932434,
    "step": 27,
    "epoch": 32,
    "sample_output": "",
    "anomalies": []
  }
}