{
  "saved_at": "20260202_163717",
  "metrics": {
    "timestamp": 1770021437.6719182,
    "loss": 1.8583787679672241,
    "learning_rate": 0.001,
    "grad_norm": 0.6969206929206848,
    "perplexity": 6.413330841098205,
    "tokens_per_sec": 779.4373716522738,
    "step": 273,
    "epoch": 32,
    "sample_output": "",
    "anomalies": []
  }
}