{
  "saved_at": "20260201_172319",
  "metrics": {
    "timestamp": 1769937799.5855796,
    "loss": 1.9859120845794678,
    "learning_rate": 0.001,
    "grad_norm": 0.7755659222602844,
    "perplexity": 7.28568952096112,
    "tokens_per_sec": 924.5373456273802,
    "step": 588,
    "epoch": 1,
    "sample_output": "",
    "anomalies": []
  }
}