{
  "saved_at": "20260201_180439",
  "metrics": {
    "timestamp": 1769940279.141975,
    "loss": 1.9060229063034058,
    "learning_rate": 0.001,
    "grad_norm": 0.7408051490783691,
    "perplexity": 6.726284468634787,
    "tokens_per_sec": 934.8705109260055,
    "step": 1317,
    "epoch": 1,
    "sample_output": "",
    "anomalies": []
  }
}