{
  "saved_at": "20260201_183149",
  "metrics": {
    "timestamp": 1769941909.6080225,
    "loss": 1.9891260862350464,
    "learning_rate": 0.001,
    "grad_norm": 0.6867141127586365,
    "perplexity": 7.309143409372105,
    "tokens_per_sec": 932.4927674999194,
    "step": 1794,
    "epoch": 1,
    "sample_output": "",
    "anomalies": []
  }
}