{
  "saved_at": "20260201_182803",
  "metrics": {
    "timestamp": 1769941683.0124552,
    "loss": 1.9286885261535645,
    "learning_rate": 0.001,
    "grad_norm": 0.8103306293487549,
    "perplexity": 6.880480751349052,
    "tokens_per_sec": 921.3866653067695,
    "step": 1728,
    "epoch": 1,
    "sample_output": "",
    "anomalies": []
  }
}