{
  "saved_at": "20260202_171023",
  "metrics": {
    "timestamp": 1770023423.2164712,
    "loss": 1.6380788087844849,
    "learning_rate": 0.001,
    "grad_norm": 0.7102541923522949,
    "perplexity": 5.145274953566263,
    "tokens_per_sec": 801.3934687909302,
    "step": 179,
    "epoch": 165,
    "sample_output": "Onocie uorar a rrililiimr Greg the AI ",
    "anomalies": []
  }
}