{
  "saved_at": "20260201_175831",
  "metrics": {
    "timestamp": 1769939911.6383271,
    "loss": 1.8443089723587036,
    "learning_rate": 0.001,
    "grad_norm": 0.7297700047492981,
    "perplexity": 6.323728409076635,
    "tokens_per_sec": 938.242523729908,
    "step": 1209,
    "epoch": 1,
    "sample_output": "",
    "anomalies": []
  }
}