{
  "saved_at": "20260202_162558",
  "metrics": {
    "timestamp": 1770020758.3526478,
    "loss": 1.7098699808120728,
    "learning_rate": 0.001,
    "grad_norm": 0.6773214936256409,
    "perplexity": 5.528242653274094,
    "tokens_per_sec": 782.2769482126458,
    "step": 111,
    "epoch": 32,
    "sample_output": "",
    "anomalies": []
  }
}