{
  "saved_at": "20260202_162248",
  "metrics": {
    "timestamp": 1770020568.7411392,
    "loss": 1.7841391563415527,
    "learning_rate": 0.001,
    "grad_norm": 0.673906147480011,
    "perplexity": 5.954451888522942,
    "tokens_per_sec": 771.0362582175319,
    "step": 66,
    "epoch": 32,
    "sample_output": "",
    "anomalies": []
  }
}