{
  "saved_at": "20260201_165602",
  "metrics": {
    "timestamp": 1769936162.0288308,
    "loss": 1.9880015850067139,
    "learning_rate": 0.001,
    "grad_norm": 0.6990429759025574,
    "perplexity": 7.300928888115436,
    "tokens_per_sec": 940.1141519323593,
    "step": 105,
    "epoch": 1,
    "sample_output": "",
    "anomalies": []
  }
}