{
  "saved_at": "20260201_180024",
  "metrics": {
    "timestamp": 1769940024.320153,
    "loss": 1.8616186380386353,
    "learning_rate": 0.001,
    "grad_norm": 0.7743960022926331,
    "perplexity": 6.4341428957198605,
    "tokens_per_sec": 928.7605572222715,
    "step": 1242,
    "epoch": 1,
    "sample_output": "",
    "anomalies": []
  }
}