{
  "saved_at": "20260202_162157",
  "metrics": {
    "timestamp": 1770020517.6909258,
    "loss": 1.825399398803711,
    "learning_rate": 0.001,
    "grad_norm": 0.7027924060821533,
    "perplexity": 6.205272902814115,
    "tokens_per_sec": 766.7644762093612,
    "step": 54,
    "epoch": 32,
    "sample_output": "",
    "anomalies": []
  }
}