{
  "saved_at": "20260202_170037",
  "metrics": {
    "timestamp": 1770022837.1237352,
    "loss": 1.895037055015564,
    "learning_rate": 0.001,
    "grad_norm": 0.6864176988601685,
    "perplexity": 6.6527949194848235,
    "tokens_per_sec": 834.6068470299352,
    "step": 33,
    "epoch": 165,
    "sample_output": "Onocie uorar a rrililiimr Greg the AI ",
    "anomalies": []
  }
}