{
  "saved_at": "20260202_170434",
  "metrics": {
    "timestamp": 1770023074.0329878,
    "loss": 1.7322829961776733,
    "learning_rate": 0.001,
    "grad_norm": 0.6722865700721741,
    "perplexity": 5.653546210679588,
    "tokens_per_sec": 764.5751004569772,
    "step": 92,
    "epoch": 165,
    "sample_output": "Onocie uorar a rrililiimr Greg the AI ",
    "anomalies": []
  }
}