{
  "saved_at": "20260202_172448",
  "metrics": {
    "timestamp": 1770024288.4990225,
    "loss": 1.7415659427642822,
    "learning_rate": 0.001,
    "grad_norm": 0.6843354105949402,
    "perplexity": 5.706272125474566,
    "tokens_per_sec": 805.882807381491,
    "step": 384,
    "epoch": 165,
    "sample_output": "Onocie uorar a rrililiimr Greg the AI ",
    "anomalies": []
  }
}