{
  "saved_at": "20260201_184012",
  "metrics": {
    "timestamp": 1769942412.5979981,
    "loss": 1.8714383840560913,
    "learning_rate": 0.001,
    "grad_norm": 0.735569179058075,
    "perplexity": 6.497635776574107,
    "tokens_per_sec": 922.1178697625514,
    "step": 1941,
    "epoch": 1,
    "sample_output": "",
    "anomalies": []
  }
}