{
  "saved_at": "20260202_172244",
  "metrics": {
    "timestamp": 1770024164.0801876,
    "loss": 1.777390480041504,
    "learning_rate": 0.001,
    "grad_norm": 0.6910223364830017,
    "perplexity": 5.9144025123238055,
    "tokens_per_sec": 300.36300001708514,
    "step": 354,
    "epoch": 165,
    "sample_output": "Onocie uorar a rrililiimr Greg the AI ",
    "anomalies": []
  }
}