{
  "saved_at": "20260201_171500",
  "metrics": {
    "timestamp": 1769937300.9409242,
    "loss": 1.9255261421203613,
    "learning_rate": 0.001,
    "grad_norm": 0.7502106428146362,
    "perplexity": 6.85875639736016,
    "tokens_per_sec": 940.9012393782929,
    "step": 441,
    "epoch": 1,
    "sample_output": "",
    "anomalies": []
  }
}