{
  "saved_at": "20260202_163216",
  "metrics": {
    "timestamp": 1770021136.8025806,
    "loss": 1.7110587358474731,
    "learning_rate": 0.001,
    "grad_norm": 0.6927517056465149,
    "perplexity": 5.534818287199702,
    "tokens_per_sec": 781.5434760861233,
    "step": 201,
    "epoch": 32,
    "sample_output": "",
    "anomalies": []
  }
}