{
  "saved_at": "20260202_164050",
  "metrics": {
    "timestamp": 1770021650.948819,
    "loss": 1.8145414590835571,
    "learning_rate": 0.001,
    "grad_norm": 0.7248921394348145,
    "perplexity": 6.138260888258559,
    "tokens_per_sec": 779.7413471325837,
    "step": 324,
    "epoch": 32,
    "sample_output": "",
    "anomalies": []
  }
}