{
  "saved_at": "20260201_181745",
  "metrics": {
    "timestamp": 1769941065.0945563,
    "loss": 1.7400987148284912,
    "learning_rate": 0.001,
    "grad_norm": 0.7174291610717773,
    "perplexity": 5.697905862710945,
    "tokens_per_sec": 921.4364305030018,
    "step": 1548,
    "epoch": 1,
    "sample_output": "",
    "anomalies": []
  }
}