{
  "saved_at": "20260201_182233",
  "metrics": {
    "timestamp": 1769941353.2508392,
    "loss": 1.9211558103561401,
    "learning_rate": 0.001,
    "grad_norm": 0.6976323127746582,
    "perplexity": 6.82884676153513,
    "tokens_per_sec": 926.9511948364371,
    "step": 1632,
    "epoch": 1,
    "sample_output": "",
    "anomalies": []
  }
}