{
  "saved_at": "20260202_172922",
  "metrics": {
    "timestamp": 1770024562.8685575,
    "loss": 1.7120248079299927,
    "learning_rate": 0.001,
    "grad_norm": 0.6624311804771423,
    "perplexity": 5.5401679042705725,
    "tokens_per_sec": 824.9435418211044,
    "step": 450,
    "epoch": 165,
    "sample_output": "Onocie uorar a rrililiimr Greg the AI ",
    "anomalies": []
  }
}