{
  "saved_at": "20260201_171330",
  "metrics": {
    "timestamp": 1769937210.0543058,
    "loss": 1.9094910621643066,
    "learning_rate": 0.001,
    "grad_norm": 0.7695456743240356,
    "perplexity": 6.7496527705704,
    "tokens_per_sec": 942.7220110734205,
    "step": 414,
    "epoch": 1,
    "sample_output": "",
    "anomalies": []
  }
}