{
  "saved_at": "20260201_170744",
  "metrics": {
    "timestamp": 1769936864.9069972,
    "loss": 1.9551942348480225,
    "learning_rate": 0.001,
    "grad_norm": 0.8873780369758606,
    "perplexity": 7.065291216198708,
    "tokens_per_sec": 942.5920310771495,
    "step": 312,
    "epoch": 1,
    "sample_output": "",
    "anomalies": []
  }
}