{
  "saved_at": "20260201_181026",
  "metrics": {
    "timestamp": 1769940626.2759078,
    "loss": 1.8128924369812012,
    "learning_rate": 0.001,
    "grad_norm": 0.7232930660247803,
    "perplexity": 6.128147101604505,
    "tokens_per_sec": 918.5360074967041,
    "step": 1419,
    "epoch": 1,
    "sample_output": "",
    "anomalies": []
  }
}