{
  "saved_at": "20260201_171219",
  "metrics": {
    "timestamp": 1769937139.460461,
    "loss": 1.9538525342941284,
    "learning_rate": 0.001,
    "grad_norm": 0.9707797169685364,
    "perplexity": 7.055818067546008,
    "tokens_per_sec": 933.6974901977766,
    "step": 393,
    "epoch": 1,
    "sample_output": "",
    "anomalies": []
  }
}