{
  "saved_at": "20260201_173705",
  "metrics": {
    "timestamp": 1769938625.0555298,
    "loss": 1.885345697402954,
    "learning_rate": 0.001,
    "grad_norm": 0.7568956613540649,
    "perplexity": 6.588631721242686,
    "tokens_per_sec": 933.2626369836261,
    "step": 831,
    "epoch": 1,
    "sample_output": "",
    "anomalies": []
  }
}