{
  "saved_at": "20260202_161938",
  "metrics": {
    "timestamp": 1770020378.943646,
    "loss": 1.8716835975646973,
    "learning_rate": 0.001,
    "grad_norm": 0.654548168182373,
    "perplexity": 6.499229280006824,
    "tokens_per_sec": 765.6186131412885,
    "step": 21,
    "epoch": 32,
    "sample_output": "",
    "anomalies": []
  }
}