{
  "saved_at": "20260202_173156",
  "metrics": {
    "timestamp": 1770024716.437345,
    "loss": 1.7530508041381836,
    "learning_rate": 0.001,
    "grad_norm": 0.6366216540336609,
    "perplexity": 5.772185649129221,
    "tokens_per_sec": 802.513994078715,
    "step": 489,
    "epoch": 165,
    "sample_output": "Onocie uorar a rrililiimr Greg the AI ",
    "anomalies": []
  }
}