{
  "saved_at": "20260202_171657",
  "metrics": {
    "timestamp": 1770023817.5306637,
    "loss": 1.778536081314087,
    "learning_rate": 0.001,
    "grad_norm": 0.7261792421340942,
    "perplexity": 5.921181941888615,
    "tokens_per_sec": 806.1507229013226,
    "step": 270,
    "epoch": 165,
    "sample_output": "Onocie uorar a rrililiimr Greg the AI ",
    "anomalies": []
  }
}