{
  "saved_at": "20260201_175032",
  "metrics": {
    "timestamp": 1769939432.6717834,
    "loss": 1.7714773416519165,
    "learning_rate": 0.001,
    "grad_norm": 0.6760262846946716,
    "perplexity": 5.879533027423107,
    "tokens_per_sec": 924.0926075400735,
    "step": 1068,
    "epoch": 1,
    "sample_output": "",
    "anomalies": []
  }
}