{
  "saved_at": "20260202_170921",
  "metrics": {
    "timestamp": 1770023361.60202,
    "loss": 1.8124865293502808,
    "learning_rate": 0.001,
    "grad_norm": 0.6968191862106323,
    "perplexity": 6.125660144704098,
    "tokens_per_sec": 713.8511117747819,
    "step": 164,
    "epoch": 165,
    "sample_output": "Onocie uorar a rrililiimr Greg the AI ",
    "anomalies": []
  }
}