{
  "saved_at": "20260201_171531",
  "metrics": {
    "timestamp": 1769937331.266383,
    "loss": 1.8811701536178589,
    "learning_rate": 0.001,
    "grad_norm": 0.7527555227279663,
    "perplexity": 6.561177958090222,
    "tokens_per_sec": 939.2477558923914,
    "step": 450,
    "epoch": 1,
    "sample_output": "",
    "anomalies": []
  }
}