{
  "saved_at": "20260202_174704",
  "metrics": {
    "timestamp": 1770025624.6513848,
    "loss": 1.894311547279358,
    "learning_rate": 0.001,
    "grad_norm": 0.6632126569747925,
    "perplexity": 6.647970015767468,
    "tokens_per_sec": 792.5907990147374,
    "step": 39,
    "epoch": 32,
    "sample_output": "",
    "anomalies": []
  }
}