{
  "saved_at": "20260201_183027",
  "metrics": {
    "timestamp": 1769941827.4336436,
    "loss": 1.8397120237350464,
    "learning_rate": 0.001,
    "grad_norm": 0.7252728343009949,
    "perplexity": 6.294725268518044,
    "tokens_per_sec": 922.6885234815857,
    "step": 1770,
    "epoch": 1,
    "sample_output": "",
    "anomalies": []
  }
}