{
  "saved_at": "20260202_162016",
  "metrics": {
    "timestamp": 1770020416.7902455,
    "loss": 1.8431757688522339,
    "learning_rate": 0.001,
    "grad_norm": 0.6888105869293213,
    "perplexity": 6.316566396644733,
    "tokens_per_sec": 764.22252906025,
    "step": 30,
    "epoch": 32,
    "sample_output": "",
    "anomalies": []
  }
}