{
  "saved_at": "20260202_173132",
  "metrics": {
    "timestamp": 1770024692.1561997,
    "loss": 1.8605667352676392,
    "learning_rate": 0.001,
    "grad_norm": 0.6814438700675964,
    "perplexity": 6.4273783614188025,
    "tokens_per_sec": 825.0952171431275,
    "step": 483,
    "epoch": 165,
    "sample_output": "Onocie uorar a rrililiimr Greg the AI ",
    "anomalies": []
  }
}