{
  "saved_at": "20260201_170754",
  "metrics": {
    "timestamp": 1769936874.9877706,
    "loss": 1.9830235242843628,
    "learning_rate": 0.001,
    "grad_norm": 0.8387748003005981,
    "perplexity": 7.264674733340871,
    "tokens_per_sec": 943.8131876158927,
    "step": 315,
    "epoch": 1,
    "sample_output": "",
    "anomalies": []
  }
}