{
  "saved_at": "20260201_171229",
  "metrics": {
    "timestamp": 1769937149.5101826,
    "loss": 1.9022626876831055,
    "learning_rate": 0.001,
    "grad_norm": 0.8544273376464844,
    "perplexity": 6.701039661272945,
    "tokens_per_sec": 943.3942360829251,
    "step": 396,
    "epoch": 1,
    "sample_output": "",
    "anomalies": []
  }
}