{
  "saved_at": "20260202_163935",
  "metrics": {
    "timestamp": 1770021575.786871,
    "loss": 1.7360354661941528,
    "learning_rate": 0.001,
    "grad_norm": 0.7077131271362305,
    "perplexity": 5.6748008270366705,
    "tokens_per_sec": 779.0845178217004,
    "step": 306,
    "epoch": 32,
    "sample_output": "",
    "anomalies": []
  }
}