{
  "saved_at": "20260202_170002",
  "metrics": {
    "timestamp": 1770022802.6247523,
    "loss": 1.798805832862854,
    "learning_rate": 0.001,
    "grad_norm": 0.665012776851654,
    "perplexity": 6.0424274860080915,
    "tokens_per_sec": 831.9524275200071,
    "step": 24,
    "epoch": 165,
    "sample_output": "Onocie uorar a rrililiimr Greg the AI ",
    "anomalies": []
  }
}