{
  "saved_at": "20260202_174536",
  "metrics": {
    "timestamp": 1770025536.271206,
    "loss": 1.7396999597549438,
    "learning_rate": 0.001,
    "grad_norm": 0.6556246876716614,
    "perplexity": 5.695634246778883,
    "tokens_per_sec": 795.0678794432793,
    "step": 18,
    "epoch": 32,
    "sample_output": "",
    "anomalies": []
  }
}