{
  "saved_at": "20260202_163344",
  "metrics": {
    "timestamp": 1770021224.6888602,
    "loss": 1.7465969324111938,
    "learning_rate": 0.001,
    "grad_norm": 0.6695736646652222,
    "perplexity": 5.735052658035994,
    "tokens_per_sec": 780.4266928123532,
    "step": 222,
    "epoch": 32,
    "sample_output": "",
    "anomalies": []
  }
}