{
  "saved_at": "20260202_170645",
  "metrics": {
    "timestamp": 1770023205.5767798,
    "loss": 1.6904003620147705,
    "learning_rate": 0.001,
    "grad_norm": 0.6805347800254822,
    "perplexity": 5.421650893746878,
    "tokens_per_sec": 810.9767337891867,
    "step": 125,
    "epoch": 165,
    "sample_output": "Onocie uorar a rrililiimr Greg the AI ",
    "anomalies": []
  }
}