{
  "saved_at": "20260201_181826",
  "metrics": {
    "timestamp": 1769941106.153861,
    "loss": 1.8479100465774536,
    "learning_rate": 0.001,
    "grad_norm": 0.7422373294830322,
    "perplexity": 6.346541675897406,
    "tokens_per_sec": 917.6861801666263,
    "step": 1560,
    "epoch": 1,
    "sample_output": "",
    "anomalies": []
  }
}