{
  "saved_at": "20260201_170724",
  "metrics": {
    "timestamp": 1769936844.6970463,
    "loss": 1.887125849723816,
    "learning_rate": 0.001,
    "grad_norm": 0.807073712348938,
    "perplexity": 6.600370934986782,
    "tokens_per_sec": 930.3464278492163,
    "step": 306,
    "epoch": 1,
    "sample_output": "",
    "anomalies": []
  }
}