{
  "saved_at": "20260201_180702",
  "metrics": {
    "timestamp": 1769940422.7928157,
    "loss": 1.7844866514205933,
    "learning_rate": 0.001,
    "grad_norm": 0.7566176056861877,
    "perplexity": 5.956521390802692,
    "tokens_per_sec": 926.5314121877069,
    "step": 1359,
    "epoch": 1,
    "sample_output": "",
    "anomalies": []
  }
}