{
  "saved_at": "20260202_161822",
  "metrics": {
    "timestamp": 1770020302.7185576,
    "loss": 1.9221493005752563,
    "learning_rate": 0.001,
    "grad_norm": 0.9689724445343018,
    "perplexity": 6.835634525230672,
    "tokens_per_sec": 765.3594567372702,
    "step": 3,
    "epoch": 32,
    "sample_output": "",
    "anomalies": []
  }
}