{
  "saved_at": "20260201_172248",
  "metrics": {
    "timestamp": 1769937768.7886405,
    "loss": 1.859869360923767,
    "learning_rate": 0.001,
    "grad_norm": 0.8620264530181885,
    "perplexity": 6.422897635204535,
    "tokens_per_sec": 928.0900268689743,
    "step": 579,
    "epoch": 1,
    "sample_output": "",
    "anomalies": []
  }
}