{
  "saved_at": "20260202_170134",
  "metrics": {
    "timestamp": 1770022894.5998156,
    "loss": 1.6910791397094727,
    "learning_rate": 0.001,
    "grad_norm": 0.6843878030776978,
    "perplexity": 5.425332238708093,
    "tokens_per_sec": 836.04921317903,
    "step": 48,
    "epoch": 165,
    "sample_output": "Onocie uorar a rrililiimr Greg the AI ",
    "anomalies": []
  }
}