{
  "saved_at": "20260201_184104",
  "metrics": {
    "timestamp": 1769942464.1711056,
    "loss": 1.8481252193450928,
    "learning_rate": 0.001,
    "grad_norm": 0.7361360192298889,
    "perplexity": 6.347907425765566,
    "tokens_per_sec": 924.6072097549077,
    "step": 1956,
    "epoch": 1,
    "sample_output": "",
    "anomalies": []
  }
}