{
  "saved_at": "20260202_162339",
  "metrics": {
    "timestamp": 1770020619.3341746,
    "loss": 1.7973109483718872,
    "learning_rate": 0.001,
    "grad_norm": 0.6960822343826294,
    "perplexity": 6.033401502953358,
    "tokens_per_sec": 766.8451717274905,
    "step": 78,
    "epoch": 32,
    "sample_output": "",
    "anomalies": []
  }
}