{
  "saved_at": "20260201_172147",
  "metrics": {
    "timestamp": 1769937707.341133,
    "loss": 1.9567309617996216,
    "learning_rate": 0.001,
    "grad_norm": 0.7244393825531006,
    "perplexity": 7.076156986354142,
    "tokens_per_sec": 940.0563693457002,
    "step": 561,
    "epoch": 1,
    "sample_output": "",
    "anomalies": []
  }
}