{
  "saved_at": "20260201_174019",
  "metrics": {
    "timestamp": 1769938819.509794,
    "loss": 1.9293835163116455,
    "learning_rate": 0.001,
    "grad_norm": 0.716537594795227,
    "perplexity": 6.885264279814166,
    "tokens_per_sec": 941.7712294227763,
    "step": 888,
    "epoch": 1,
    "sample_output": "",
    "anomalies": []
  }
}