{
  "saved_at": "20260202_165916",
  "metrics": {
    "timestamp": 1770022756.5246248,
    "loss": 1.716459035873413,
    "learning_rate": 0.001,
    "grad_norm": 0.6352903246879578,
    "perplexity": 5.564788818634032,
    "tokens_per_sec": 831.0900552492786,
    "step": 12,
    "epoch": 165,
    "sample_output": "Onocie uorar a rrililiimr Greg the AI ",
    "anomalies": []
  }
}