{
  "saved_at": "20260201_170511",
  "metrics": {
    "timestamp": 1769936711.9324417,
    "loss": 1.9272496700286865,
    "learning_rate": 0.001,
    "grad_norm": 0.6801721453666687,
    "perplexity": 6.870587848416636,
    "tokens_per_sec": 928.1067914252554,
    "step": 267,
    "epoch": 1,
    "sample_output": "",
    "anomalies": []
  }
}