{
  "saved_at": "20260201_183443",
  "metrics": {
    "timestamp": 1769942083.68938,
    "loss": 1.821147084236145,
    "learning_rate": 0.001,
    "grad_norm": 0.6934813261032104,
    "perplexity": 6.178942153444748,
    "tokens_per_sec": 925.8775210826541,
    "step": 1845,
    "epoch": 1,
    "sample_output": "",
    "anomalies": []
  }
}