{
  "saved_at": "20260201_174931",
  "metrics": {
    "timestamp": 1769939371.1696699,
    "loss": 1.7829474210739136,
    "learning_rate": 0.001,
    "grad_norm": 0.6578066945075989,
    "perplexity": 5.947359984883116,
    "tokens_per_sec": 920.4481370902814,
    "step": 1050,
    "epoch": 1,
    "sample_output": "",
    "anomalies": []
  }
}