{
  "saved_at": "20260201_163704",
  "metrics": {
    "timestamp": 1769935024.766865,
    "loss": 2.2932822704315186,
    "learning_rate": 0.001,
    "grad_norm": 0.757745623588562,
    "perplexity": 9.907403148211761,
    "tokens_per_sec": 933.7522379914138,
    "step": 363,
    "epoch": 1,
    "sample_output": "",
    "anomalies": []
  }
}