{
  "saved_at": "20260201_174536",
  "metrics": {
    "timestamp": 1769939136.0897486,
    "loss": 1.8824974298477173,
    "learning_rate": 0.001,
    "grad_norm": 0.7225247025489807,
    "perplexity": 6.569892235481186,
    "tokens_per_sec": 938.1150471991069,
    "step": 981,
    "epoch": 1,
    "sample_output": "",
    "anomalies": []
  }
}