{
  "saved_at": "20260201_165258",
  "metrics": {
    "timestamp": 1769935978.0445373,
    "loss": 1.9962984323501587,
    "learning_rate": 0.001,
    "grad_norm": 0.8654396533966064,
    "perplexity": 7.361755566467628,
    "tokens_per_sec": 925.3613089717152,
    "step": 51,
    "epoch": 1,
    "sample_output": "",
    "anomalies": []
  }
}