{
  "saved_at": "20260201_183332",
  "metrics": {
    "timestamp": 1769942012.0818176,
    "loss": 1.9135502576828003,
    "learning_rate": 0.001,
    "grad_norm": 0.7420401573181152,
    "perplexity": 6.777106613409437,
    "tokens_per_sec": 912.3916536860149,
    "step": 1824,
    "epoch": 1,
    "sample_output": "",
    "anomalies": []
  }
}