{
  "saved_at": "20260202_170521",
  "metrics": {
    "timestamp": 1770023121.6534603,
    "loss": 1.7066351175308228,
    "learning_rate": 0.001,
    "grad_norm": 0.6484516263008118,
    "perplexity": 5.51038843764783,
    "tokens_per_sec": 827.7782360528457,
    "step": 104,
    "epoch": 165,
    "sample_output": "Onocie uorar a rrililiimr Greg the AI ",
    "anomalies": []
  }
}