{
  "saved_at": "20260201_172440",
  "metrics": {
    "timestamp": 1769937880.9633036,
    "loss": 1.9058151245117188,
    "learning_rate": 0.001,
    "grad_norm": 0.7148818373680115,
    "perplexity": 6.724887014384299,
    "tokens_per_sec": 937.1457539544285,
    "step": 612,
    "epoch": 1,
    "sample_output": "",
    "anomalies": []
  }
}