{
  "saved_at": "20260201_170915",
  "metrics": {
    "timestamp": 1769936955.9668407,
    "loss": 1.9014699459075928,
    "learning_rate": 0.001,
    "grad_norm": 0.7716735005378723,
    "perplexity": 6.69572957223688,
    "tokens_per_sec": 912.2394695844634,
    "step": 339,
    "epoch": 1,
    "sample_output": "",
    "anomalies": []
  }
}