{
  "saved_at": "20260202_163730",
  "metrics": {
    "timestamp": 1770021450.2253604,
    "loss": 1.7985296249389648,
    "learning_rate": 0.001,
    "grad_norm": 0.653801441192627,
    "perplexity": 6.040758750126576,
    "tokens_per_sec": 782.7595429521347,
    "step": 276,
    "epoch": 32,
    "sample_output": "",
    "anomalies": []
  }
}