{
  "saved_at": "20260202_164025",
  "metrics": {
    "timestamp": 1770021625.8960555,
    "loss": 1.75398850440979,
    "learning_rate": 0.001,
    "grad_norm": 0.6722778081893921,
    "perplexity": 5.777600767662447,
    "tokens_per_sec": 778.529755717218,
    "step": 318,
    "epoch": 32,
    "sample_output": "",
    "anomalies": []
  }
}