{
  "saved_at": "20260201_172947",
  "metrics": {
    "timestamp": 1769938187.240502,
    "loss": 1.9464836120605469,
    "learning_rate": 0.001,
    "grad_norm": 0.7019678950309753,
    "perplexity": 7.0040153922660515,
    "tokens_per_sec": 931.2302929452318,
    "step": 702,
    "epoch": 1,
    "sample_output": "",
    "anomalies": []
  }
}