{
  "saved_at": "20260202_172847",
  "metrics": {
    "timestamp": 1770024527.5878258,
    "loss": 1.7674345970153809,
    "learning_rate": 0.001,
    "grad_norm": 0.6566123366355896,
    "perplexity": 5.855811559038903,
    "tokens_per_sec": 754.3547801369684,
    "step": 441,
    "epoch": 165,
    "sample_output": "Onocie uorar a rrililiimr Greg the AI ",
    "anomalies": []
  }
}