{
  "saved_at": "20260202_163307",
  "metrics": {
    "timestamp": 1770021187.0329924,
    "loss": 1.8043404817581177,
    "learning_rate": 0.001,
    "grad_norm": 0.7171940207481384,
    "perplexity": 6.075962918434571,
    "tokens_per_sec": 770.2545630550574,
    "step": 213,
    "epoch": 32,
    "sample_output": "",
    "anomalies": []
  }
}