{
  "saved_at": "20260201_174637",
  "metrics": {
    "timestamp": 1769939197.1731036,
    "loss": 1.9045071601867676,
    "learning_rate": 0.001,
    "grad_norm": 0.7156900763511658,
    "perplexity": 6.716096851942762,
    "tokens_per_sec": 920.5628680792287,
    "step": 999,
    "epoch": 1,
    "sample_output": "",
    "anomalies": []
  }
}