{
  "saved_at": "20260202_170844",
  "metrics": {
    "timestamp": 1770023324.103334,
    "loss": 1.8276612758636475,
    "learning_rate": 0.001,
    "grad_norm": 0.8098589181900024,
    "perplexity": 6.219324352578873,
    "tokens_per_sec": 729.7300828359203,
    "step": 155,
    "epoch": 165,
    "sample_output": "Onocie uorar a rrililiimr Greg the AI ",
    "anomalies": []
  }
}