{
  "saved_at": "20260202_163023",
  "metrics": {
    "timestamp": 1770021023.8060865,
    "loss": 1.7602543830871582,
    "learning_rate": 0.001,
    "grad_norm": 0.64962238073349,
    "perplexity": 5.8139161682504445,
    "tokens_per_sec": 776.0368798950141,
    "step": 174,
    "epoch": 32,
    "sample_output": "",
    "anomalies": []
  }
}