{
  "saved_at": "20260202_170557",
  "metrics": {
    "timestamp": 1770023157.517166,
    "loss": 1.7197587490081787,
    "learning_rate": 0.001,
    "grad_norm": 0.6392428874969482,
    "perplexity": 5.5831813537476025,
    "tokens_per_sec": 828.2887660517822,
    "step": 113,
    "epoch": 165,
    "sample_output": "Onocie uorar a rrililiimr Greg the AI ",
    "anomalies": []
  }
}