{
  "saved_at": "20260201_172804",
  "metrics": {
    "timestamp": 1769938084.9245045,
    "loss": 1.9442733526229858,
    "learning_rate": 0.001,
    "grad_norm": 0.6469042897224426,
    "perplexity": 6.9885517967187605,
    "tokens_per_sec": 940.0608707572023,
    "step": 672,
    "epoch": 1,
    "sample_output": "",
    "anomalies": []
  }
}