{
  "saved_at": "20260202_173144",
  "metrics": {
    "timestamp": 1770024704.152035,
    "loss": 1.8648089170455933,
    "learning_rate": 0.001,
    "grad_norm": 0.6886942982673645,
    "perplexity": 6.454702384542972,
    "tokens_per_sec": 770.4939345174528,
    "step": 486,
    "epoch": 165,
    "sample_output": "Onocie uorar a rrililiimr Greg the AI ",
    "anomalies": []
  }
}