{
  "saved_at": "20260202_163151",
  "metrics": {
    "timestamp": 1770021111.7931452,
    "loss": 1.7674789428710938,
    "learning_rate": 0.001,
    "grad_norm": 0.6890875697135925,
    "perplexity": 5.856071245771354,
    "tokens_per_sec": 778.8972492251663,
    "step": 195,
    "epoch": 32,
    "sample_output": "",
    "anomalies": []
  }
}