{
  "saved_at": "20260201_170006",
  "metrics": {
    "timestamp": 1769936406.1826997,
    "loss": 1.9892631769180298,
    "learning_rate": 0.001,
    "grad_norm": 0.7285304069519043,
    "perplexity": 7.31014549352075,
    "tokens_per_sec": 928.4499429871674,
    "step": 177,
    "epoch": 1,
    "sample_output": "",
    "anomalies": []
  }
}