{
  "saved_at": "20260202_172358",
  "metrics": {
    "timestamp": 1770024238.8160264,
    "loss": 1.777098536491394,
    "learning_rate": 0.001,
    "grad_norm": 0.6732632517814636,
    "perplexity": 5.912676092678381,
    "tokens_per_sec": 747.8326289406324,
    "step": 372,
    "epoch": 165,
    "sample_output": "Onocie uorar a rrililiimr Greg the AI ",
    "anomalies": []
  }
}