{
  "saved_at": "20260201_184033",
  "metrics": {
    "timestamp": 1769942433.253339,
    "loss": 1.8190549612045288,
    "learning_rate": 0.001,
    "grad_norm": 0.7497915029525757,
    "perplexity": 6.166028559378495,
    "tokens_per_sec": 920.1752425410737,
    "step": 1947,
    "epoch": 1,
    "sample_output": "",
    "anomalies": []
  }
}