{
  "saved_at": "20260201_173715",
  "metrics": {
    "timestamp": 1769938635.2700078,
    "loss": 1.9474990367889404,
    "learning_rate": 0.001,
    "grad_norm": 0.7757115960121155,
    "perplexity": 7.0111310547918455,
    "tokens_per_sec": 927.5968568439455,
    "step": 834,
    "epoch": 1,
    "sample_output": "",
    "anomalies": []
  }
}