{
  "saved_at": "20260202_163705",
  "metrics": {
    "timestamp": 1770021425.1097147,
    "loss": 1.726249098777771,
    "learning_rate": 0.001,
    "grad_norm": 0.661257803440094,
    "perplexity": 5.619536003136846,
    "tokens_per_sec": 765.0023565458083,
    "step": 270,
    "epoch": 32,
    "sample_output": "",
    "anomalies": []
  }
}