{
  "saved_at": "20260202_174742",
  "metrics": {
    "timestamp": 1770025662.188856,
    "loss": 1.8405053615570068,
    "learning_rate": 0.001,
    "grad_norm": 0.7382662892341614,
    "perplexity": 6.299721093578871,
    "tokens_per_sec": 790.7677973115204,
    "step": 48,
    "epoch": 32,
    "sample_output": "",
    "anomalies": []
  }
}