{
  "saved_at": "20260201_173048",
  "metrics": {
    "timestamp": 1769938248.8288531,
    "loss": 1.9312878847122192,
    "learning_rate": 0.001,
    "grad_norm": 0.736691951751709,
    "perplexity": 6.898388852582584,
    "tokens_per_sec": 930.2976695131032,
    "step": 720,
    "epoch": 1,
    "sample_output": "",
    "anomalies": []
  }
}