{
  "saved_at": "20260202_174523",
  "metrics": {
    "timestamp": 1770025523.790427,
    "loss": 1.7296698093414307,
    "learning_rate": 0.001,
    "grad_norm": 0.6712887287139893,
    "perplexity": 5.638791724654298,
    "tokens_per_sec": 795.8125340968916,
    "step": 15,
    "epoch": 32,
    "sample_output": "",
    "anomalies": []
  }
}