{
  "saved_at": "20260202_172835",
  "metrics": {
    "timestamp": 1770024515.3575325,
    "loss": 1.9442518949508667,
    "learning_rate": 0.001,
    "grad_norm": 0.7552241086959839,
    "perplexity": 6.988401840274583,
    "tokens_per_sec": 814.7348268155309,
    "step": 438,
    "epoch": 165,
    "sample_output": "Onocie uorar a rrililiimr Greg the AI ",
    "anomalies": []
  }
}