{
  "saved_at": "20260202_170720",
  "metrics": {
    "timestamp": 1770023240.6009867,
    "loss": 1.6681240797042847,
    "learning_rate": 0.001,
    "grad_norm": 0.6392735242843628,
    "perplexity": 5.3022119349178505,
    "tokens_per_sec": 826.2682826312144,
    "step": 134,
    "epoch": 165,
    "sample_output": "Onocie uorar a rrililiimr Greg the AI ",
    "anomalies": []
  }
}