{
  "saved_at": "20260201_170057",
  "metrics": {
    "timestamp": 1769936457.3878174,
    "loss": 1.9510153532028198,
    "learning_rate": 0.001,
    "grad_norm": 0.7716736793518066,
    "perplexity": 7.035827805347473,
    "tokens_per_sec": 927.9708588078423,
    "step": 192,
    "epoch": 1,
    "sample_output": "",
    "anomalies": []
  }
}