{
  "saved_at": "20260202_172500",
  "metrics": {
    "timestamp": 1770024300.5506113,
    "loss": 1.7233893871307373,
    "learning_rate": 0.001,
    "grad_norm": 0.6857117414474487,
    "perplexity": 5.6034887068339865,
    "tokens_per_sec": 786.9525883616141,
    "step": 387,
    "epoch": 165,
    "sample_output": "Onocie uorar a rrililiimr Greg the AI ",
    "anomalies": []
  }
}