{
  "saved_at": "20260202_171546",
  "metrics": {
    "timestamp": 1770023746.524911,
    "loss": 1.6787564754486084,
    "learning_rate": 0.001,
    "grad_norm": 0.689724862575531,
    "perplexity": 5.358887917343575,
    "tokens_per_sec": 796.8715834153836,
    "step": 252,
    "epoch": 165,
    "sample_output": "Onocie uorar a rrililiimr Greg the AI ",
    "anomalies": []
  }
}