{
  "saved_at": "20260202_174446",
  "metrics": {
    "timestamp": 1770025486.3455284,
    "loss": 1.7003830671310425,
    "learning_rate": 0.001,
    "grad_norm": 0.6726840734481812,
    "perplexity": 5.476044682726003,
    "tokens_per_sec": 797.7211527555855,
    "step": 6,
    "epoch": 32,
    "sample_output": "",
    "anomalies": []
  }
}