{
  "saved_at": "20260201_171855",
  "metrics": {
    "timestamp": 1769937535.2829216,
    "loss": 1.9269579648971558,
    "learning_rate": 0.001,
    "grad_norm": 0.8196189403533936,
    "perplexity": 6.86858395497183,
    "tokens_per_sec": 927.0761779390849,
    "step": 510,
    "epoch": 1,
    "sample_output": "",
    "anomalies": []
  }
}