{
  "saved_at": "20260201_182253",
  "metrics": {
    "timestamp": 1769941373.854908,
    "loss": 1.737532138824463,
    "learning_rate": 0.001,
    "grad_norm": 0.6607211828231812,
    "perplexity": 5.683300505148128,
    "tokens_per_sec": 921.7213122037313,
    "step": 1638,
    "epoch": 1,
    "sample_output": "",
    "anomalies": []
  }
}