{
  "saved_at": "20260201_182742",
  "metrics": {
    "timestamp": 1769941662.3478565,
    "loss": 1.8245246410369873,
    "learning_rate": 0.001,
    "grad_norm": 0.6816678047180176,
    "perplexity": 6.199847165596606,
    "tokens_per_sec": 871.7864160164393,
    "step": 1722,
    "epoch": 1,
    "sample_output": "",
    "anomalies": []
  }
}