{
  "saved_at": "20260202_165817",
  "metrics": {
    "timestamp": 1770022697.12858,
    "loss": 2.025357961654663,
    "learning_rate": 0.001,
    "grad_norm": 1.0406579971313477,
    "perplexity": 7.578823387292766,
    "tokens_per_sec": 803.247916775145,
    "step": 0,
    "epoch": 93,
    "sample_output": "Onmoa uipoo oaaatmeo aGghthareAI ",
    "anomalies": []
  }
}