{
  "saved_at": "20260202_163820",
  "metrics": {
    "timestamp": 1770021500.3241367,
    "loss": 1.8496841192245483,
    "learning_rate": 0.001,
    "grad_norm": 0.6619207262992859,
    "perplexity": 6.3578108951394015,
    "tokens_per_sec": 778.1292243951757,
    "step": 288,
    "epoch": 32,
    "sample_output": "",
    "anomalies": []
  }
}