{
  "saved_at": "20260202_162907",
  "metrics": {
    "timestamp": 1770020947.1194217,
    "loss": 1.8034496307373047,
    "learning_rate": 0.001,
    "grad_norm": 0.7528858184814453,
    "perplexity": 6.070552550939777,
    "tokens_per_sec": 779.0407444277648,
    "step": 156,
    "epoch": 32,
    "sample_output": "",
    "anomalies": []
  }
}