{
  "saved_at": "20260201_171340",
  "metrics": {
    "timestamp": 1769937220.1380653,
    "loss": 1.9568991661071777,
    "learning_rate": 0.001,
    "grad_norm": 0.7103129029273987,
    "perplexity": 7.0773473265475575,
    "tokens_per_sec": 944.1050962351679,
    "step": 417,
    "epoch": 1,
    "sample_output": "",
    "anomalies": []
  }
}