{
  "saved_at": "20260202_172730",
  "metrics": {
    "timestamp": 1770024450.9124389,
    "loss": 1.7866843938827515,
    "learning_rate": 0.001,
    "grad_norm": 0.681624710559845,
    "perplexity": 5.969626686547521,
    "tokens_per_sec": 747.0688825119564,
    "step": 423,
    "epoch": 165,
    "sample_output": "Onocie uorar a rrililiimr Greg the AI ",
    "anomalies": []
  }
}