{
  "saved_at": "20260201_170623",
  "metrics": {
    "timestamp": 1769936783.381559,
    "loss": 1.9981797933578491,
    "learning_rate": 0.001,
    "grad_norm": 0.8232535719871521,
    "perplexity": 7.375618723050572,
    "tokens_per_sec": 932.9910262652262,
    "step": 288,
    "epoch": 1,
    "sample_output": "",
    "anomalies": []
  }
}