{
  "saved_at": "20260202_164000",
  "metrics": {
    "timestamp": 1770021600.889949,
    "loss": 1.718399167060852,
    "learning_rate": 0.001,
    "grad_norm": 0.7099794149398804,
    "perplexity": 5.575595718984918,
    "tokens_per_sec": 782.560876156508,
    "step": 312,
    "epoch": 32,
    "sample_output": "",
    "anomalies": []
  }
}