{
  "saved_at": "20260202_164334",
  "metrics": {
    "timestamp": 1770021814.1004026,
    "loss": 1.8481005430221558,
    "learning_rate": 0.001,
    "grad_norm": 0.757857620716095,
    "perplexity": 6.347750784684624,
    "tokens_per_sec": 774.647866026014,
    "step": 363,
    "epoch": 32,
    "sample_output": "",
    "anomalies": []
  }
}