{
  "saved_at": "20260201_165318",
  "metrics": {
    "timestamp": 1769935998.6075761,
    "loss": 2.0735394954681396,
    "learning_rate": 0.001,
    "grad_norm": 0.7841477990150452,
    "perplexity": 7.952922693184686,
    "tokens_per_sec": 912.5381907176023,
    "step": 57,
    "epoch": 1,
    "sample_output": "",
    "anomalies": []
  }
}