{
  "saved_at": "20260202_174717",
  "metrics": {
    "timestamp": 1770025637.197628,
    "loss": 1.7583379745483398,
    "learning_rate": 0.001,
    "grad_norm": 0.7115021347999573,
    "perplexity": 5.802784999002246,
    "tokens_per_sec": 794.8791663604399,
    "step": 42,
    "epoch": 32,
    "sample_output": "",
    "anomalies": []
  }
}