{
  "saved_at": "20260202_162829",
  "metrics": {
    "timestamp": 1770020909.4025671,
    "loss": 1.7594010829925537,
    "learning_rate": 0.001,
    "grad_norm": 0.6515527963638306,
    "perplexity": 5.808957269049523,
    "tokens_per_sec": 777.0475421967348,
    "step": 147,
    "epoch": 32,
    "sample_output": "",
    "anomalies": []
  }
}