{
  "saved_at": "20260202_170025",
  "metrics": {
    "timestamp": 1770022825.6425936,
    "loss": 1.8282207250595093,
    "learning_rate": 0.001,
    "grad_norm": 0.7084859609603882,
    "perplexity": 6.222804722040901,
    "tokens_per_sec": 826.1118395202565,
    "step": 30,
    "epoch": 165,
    "sample_output": "Onocie uorar a rrililiimr Greg the AI ",
    "anomalies": []
  }
}