{
  "saved_at": "20260201_162539",
  "metrics": {
    "timestamp": 1769934339.906069,
    "loss": 2.455000638961792,
    "learning_rate": 0.001,
    "grad_norm": 1.0916908979415894,
    "perplexity": 11.646440990507896,
    "tokens_per_sec": 906.0618931836805,
    "step": 168,
    "epoch": 1,
    "sample_output": "",
    "anomalies": []
  }
}