{
  "saved_at": "20260202_171148",
  "metrics": {
    "timestamp": 1770023508.7001908,
    "loss": 1.7116152048110962,
    "learning_rate": 0.001,
    "grad_norm": 0.6859039068222046,
    "perplexity": 5.53789909890437,
    "tokens_per_sec": 783.6556877760299,
    "step": 200,
    "epoch": 165,
    "sample_output": "Onocie uorar a rrililiimr Greg the AI ",
    "anomalies": []
  }
}