{
  "saved_at": "20260201_180632",
  "metrics": {
    "timestamp": 1769940392.0362756,
    "loss": 1.8640036582946777,
    "learning_rate": 0.001,
    "grad_norm": 0.717750608921051,
    "perplexity": 6.449506771150594,
    "tokens_per_sec": 932.4178729848757,
    "step": 1350,
    "epoch": 1,
    "sample_output": "",
    "anomalies": []
  }
}