{
  "saved_at": "20260202_170708",
  "metrics": {
    "timestamp": 1770023228.9434867,
    "loss": 1.6927448511123657,
    "learning_rate": 0.001,
    "grad_norm": 0.6658538579940796,
    "perplexity": 5.4343768072117875,
    "tokens_per_sec": 825.3184037732134,
    "step": 131,
    "epoch": 165,
    "sample_output": "Onocie uorar a rrililiimr Greg the AI ",
    "anomalies": []
  }
}