{
  "saved_at": "20260201_172552",
  "metrics": {
    "timestamp": 1769937952.233984,
    "loss": 1.9722951650619507,
    "learning_rate": 0.001,
    "grad_norm": 0.7847462892532349,
    "perplexity": 7.1871532757335785,
    "tokens_per_sec": 877.2315104841583,
    "step": 633,
    "epoch": 1,
    "sample_output": "",
    "anomalies": []
  }
}