{
  "saved_at": "20260202_164218",
  "metrics": {
    "timestamp": 1770021738.7421734,
    "loss": 1.7612667083740234,
    "learning_rate": 0.001,
    "grad_norm": 0.639934778213501,
    "perplexity": 5.819804722666665,
    "tokens_per_sec": 778.8121897602045,
    "step": 345,
    "epoch": 32,
    "sample_output": "",
    "anomalies": []
  }
}