{
  "saved_at": "20260201_171309",
  "metrics": {
    "timestamp": 1769937189.9174018,
    "loss": 1.9702327251434326,
    "learning_rate": 0.001,
    "grad_norm": 0.8215014338493347,
    "perplexity": 7.1723454792614145,
    "tokens_per_sec": 944.0928309497748,
    "step": 408,
    "epoch": 1,
    "sample_output": "",
    "anomalies": []
  }
}