{
  "saved_at": "20260202_170234",
  "metrics": {
    "timestamp": 1770022954.60132,
    "loss": 1.729243516921997,
    "learning_rate": 0.001,
    "grad_norm": 0.6584290862083435,
    "perplexity": 5.636388462769869,
    "tokens_per_sec": 823.8291074673724,
    "step": 63,
    "epoch": 165,
    "sample_output": "Onocie uorar a rrililiimr Greg the AI ",
    "anomalies": []
  }
}