{
  "saved_at": "20260202_164243",
  "metrics": {
    "timestamp": 1770021763.7391887,
    "loss": 1.7054146528244019,
    "learning_rate": 0.001,
    "grad_norm": 0.7561158537864685,
    "perplexity": 5.503667305327682,
    "tokens_per_sec": 782.5041653223404,
    "step": 351,
    "epoch": 32,
    "sample_output": "",
    "anomalies": []
  }
}