{
  "saved_at": "20260202_170946",
  "metrics": {
    "timestamp": 1770023386.675102,
    "loss": 1.7966108322143555,
    "learning_rate": 0.001,
    "grad_norm": 0.7004873752593994,
    "perplexity": 6.029178899405229,
    "tokens_per_sec": 790.0397049080187,
    "step": 170,
    "epoch": 165,
    "sample_output": "Onocie uorar a rrililiimr Greg the AI ",
    "anomalies": []
  }
}