{
  "saved_at": "20260202_163139",
  "metrics": {
    "timestamp": 1770021099.3074787,
    "loss": 1.6833699941635132,
    "learning_rate": 0.001,
    "grad_norm": 0.6591047048568726,
    "perplexity": 5.383668365618871,
    "tokens_per_sec": 759.6266164270028,
    "step": 192,
    "epoch": 32,
    "sample_output": "",
    "anomalies": []
  }
}