{
  "saved_at": "20260201_172238",
  "metrics": {
    "timestamp": 1769937758.5564349,
    "loss": 1.9080231189727783,
    "learning_rate": 0.001,
    "grad_norm": 0.7282289862632751,
    "perplexity": 6.7397519324525215,
    "tokens_per_sec": 907.627473364615,
    "step": 576,
    "epoch": 1,
    "sample_output": "",
    "anomalies": []
  }
}