{
  "saved_at": "20260201_163954",
  "metrics": {
    "timestamp": 1769935194.4891093,
    "loss": 2.262831926345825,
    "learning_rate": 0.001,
    "grad_norm": 0.7697531580924988,
    "perplexity": 9.610266233012185,
    "tokens_per_sec": 942.1904492339315,
    "step": 411,
    "epoch": 1,
    "sample_output": "",
    "anomalies": []
  }
}