{
  "saved_at": "20260202_173033",
  "metrics": {
    "timestamp": 1770024633.6012764,
    "loss": 1.7490884065628052,
    "learning_rate": 0.001,
    "grad_norm": 0.6540476083755493,
    "perplexity": 5.74935920829111,
    "tokens_per_sec": 798.9752556287025,
    "step": 468,
    "epoch": 165,
    "sample_output": "Onocie uorar a rrililiimr Greg the AI ",
    "anomalies": []
  }
}