{
  "saved_at": "20260202_174626",
  "metrics": {
    "timestamp": 1770025586.2698517,
    "loss": 1.728162169456482,
    "learning_rate": 0.001,
    "grad_norm": 0.7037157416343689,
    "perplexity": 5.630296862552803,
    "tokens_per_sec": 796.6856694336238,
    "step": 30,
    "epoch": 32,
    "sample_output": "",
    "anomalies": []
  }
}