{
  "saved_at": "20260201_171209",
  "metrics": {
    "timestamp": 1769937129.292652,
    "loss": 1.940642237663269,
    "learning_rate": 0.001,
    "grad_norm": 0.8134208917617798,
    "perplexity": 6.963221578042487,
    "tokens_per_sec": 943.5628821222267,
    "step": 390,
    "epoch": 1,
    "sample_output": "",
    "anomalies": []
  }
}