{
  "saved_at": "20260202_171011",
  "metrics": {
    "timestamp": 1770023411.0611894,
    "loss": 1.7138012647628784,
    "learning_rate": 0.001,
    "grad_norm": 0.6484485864639282,
    "perplexity": 5.550018520406072,
    "tokens_per_sec": 790.048816914936,
    "step": 176,
    "epoch": 165,
    "sample_output": "Onocie uorar a rrililiimr Greg the AI ",
    "anomalies": []
  }
}