{
  "saved_at": "20260202_170014",
  "metrics": {
    "timestamp": 1770022814.1269062,
    "loss": 1.7685474157333374,
    "learning_rate": 0.001,
    "grad_norm": 0.6435343623161316,
    "perplexity": 5.862331642913463,
    "tokens_per_sec": 827.9331333167836,
    "step": 27,
    "epoch": 165,
    "sample_output": "Onocie uorar a rrililiimr Greg the AI ",
    "anomalies": []
  }
}