{
  "saved_at": "20260201_171420",
  "metrics": {
    "timestamp": 1769937260.5892181,
    "loss": 2.00805401802063,
    "learning_rate": 0.001,
    "grad_norm": 0.7376452088356018,
    "perplexity": 7.448807988309299,
    "tokens_per_sec": 941.8051480686222,
    "step": 429,
    "epoch": 1,
    "sample_output": "",
    "anomalies": []
  }
}