{
  "saved_at": "20260202_171522",
  "metrics": {
    "timestamp": 1770023722.856603,
    "loss": 1.7605540752410889,
    "learning_rate": 0.001,
    "grad_norm": 0.6718277931213379,
    "perplexity": 5.81565881442533,
    "tokens_per_sec": 807.9658470551494,
    "step": 246,
    "epoch": 165,
    "sample_output": "Onocie uorar a rrililiimr Greg the AI ",
    "anomalies": []
  }
}