{
  "saved_at": "20260202_172047",
  "metrics": {
    "timestamp": 1770024047.9073606,
    "loss": 1.7126113176345825,
    "learning_rate": 0.001,
    "grad_norm": 0.6778395175933838,
    "perplexity": 5.543418219589048,
    "tokens_per_sec": 719.2310454470131,
    "step": 327,
    "epoch": 165,
    "sample_output": "Onocie uorar a rrililiimr Greg the AI ",
    "anomalies": []
  }
}