{
  "saved_at": "20260202_174511",
  "metrics": {
    "timestamp": 1770025511.325008,
    "loss": 1.7804888486862183,
    "learning_rate": 0.001,
    "grad_norm": 0.6792579889297485,
    "perplexity": 5.932755929764209,
    "tokens_per_sec": 794.8395332989182,
    "step": 12,
    "epoch": 32,
    "sample_output": "",
    "anomalies": []
  }
}