{
  "saved_at": "20260202_171422",
  "metrics": {
    "timestamp": 1770023662.0731287,
    "loss": 1.768434762954712,
    "learning_rate": 0.001,
    "grad_norm": 0.6725777983665466,
    "perplexity": 5.861671272161663,
    "tokens_per_sec": 681.7089034159374,
    "step": 231,
    "epoch": 165,
    "sample_output": "Onocie uorar a rrililiimr Greg the AI ",
    "anomalies": []
  }
}