{
  "saved_at": "20260202_164141",
  "metrics": {
    "timestamp": 1770021701.1338735,
    "loss": 1.760357141494751,
    "learning_rate": 0.001,
    "grad_norm": 0.7244505286216736,
    "perplexity": 5.814513627714238,
    "tokens_per_sec": 781.7848388256464,
    "step": 336,
    "epoch": 32,
    "sample_output": "",
    "anomalies": []
  }
}