{
  "saved_at": "20260201_180925",
  "metrics": {
    "timestamp": 1769940565.399015,
    "loss": 1.9341472387313843,
    "learning_rate": 0.001,
    "grad_norm": 0.7380379438400269,
    "perplexity": 6.9181420156587645,
    "tokens_per_sec": 906.4234538030838,
    "step": 1401,
    "epoch": 1,
    "sample_output": "",
    "anomalies": []
  }
}