{
  "saved_at": "20260202_172100",
  "metrics": {
    "timestamp": 1770024060.645343,
    "loss": 1.7604002952575684,
    "learning_rate": 0.001,
    "grad_norm": 0.6922581791877747,
    "perplexity": 5.814764551270335,
    "tokens_per_sec": 790.088005661668,
    "step": 330,
    "epoch": 165,
    "sample_output": "Onocie uorar a rrililiimr Greg the AI ",
    "anomalies": []
  }
}