{
  "saved_at": "20260201_173432",
  "metrics": {
    "timestamp": 1769938472.5847864,
    "loss": 1.9132131338119507,
    "learning_rate": 0.001,
    "grad_norm": 0.7468254566192627,
    "perplexity": 6.774822274069059,
    "tokens_per_sec": 941.0302148588817,
    "step": 786,
    "epoch": 1,
    "sample_output": "",
    "anomalies": []
  }
}