{
  "saved_at": "20260202_173208",
  "metrics": {
    "timestamp": 1770024728.3227043,
    "loss": 1.7817330360412598,
    "learning_rate": 0.001,
    "grad_norm": 0.652914822101593,
    "perplexity": 5.940141983537121,
    "tokens_per_sec": 826.2173675778249,
    "step": 492,
    "epoch": 165,
    "sample_output": "Onocie uorar a rrililiimr Greg the AI ",
    "anomalies": []
  }
}