{
  "saved_at": "20260202_162701",
  "metrics": {
    "timestamp": 1770020821.0599818,
    "loss": 1.6807039976119995,
    "learning_rate": 0.001,
    "grad_norm": 0.6456112265586853,
    "perplexity": 5.369334639643439,
    "tokens_per_sec": 775.1718118685884,
    "step": 126,
    "epoch": 32,
    "sample_output": "",
    "anomalies": []
  }
}