{
  "saved_at": "20260201_183616",
  "metrics": {
    "timestamp": 1769942176.128892,
    "loss": 1.9568369388580322,
    "learning_rate": 0.001,
    "grad_norm": 0.7059063911437988,
    "perplexity": 7.0769069363944554,
    "tokens_per_sec": 926.3271758887016,
    "step": 1872,
    "epoch": 1,
    "sample_output": "",
    "anomalies": []
  }
}