{
  "saved_at": "20260202_174823",
  "metrics": {
    "timestamp": 1770025703.9645016,
    "loss": 1.6684272289276123,
    "learning_rate": 0.001,
    "grad_norm": 0.6066235303878784,
    "perplexity": 5.303819540007645,
    "tokens_per_sec": 720.3551708443895,
    "step": 57,
    "epoch": 32,
    "sample_output": "",
    "anomalies": []
  }
}