{
  "saved_at": "20260202_170732",
  "metrics": {
    "timestamp": 1770023252.4192283,
    "loss": 1.6958065032958984,
    "learning_rate": 0.001,
    "grad_norm": 0.6948025822639465,
    "perplexity": 5.451040474990444,
    "tokens_per_sec": 821.1178805985834,
    "step": 137,
    "epoch": 165,
    "sample_output": "Onocie uorar a rrililiimr Greg the AI ",
    "anomalies": []
  }
}