{
  "saved_at": "20260201_180509",
  "metrics": {
    "timestamp": 1769940309.7623596,
    "loss": 1.9006149768829346,
    "learning_rate": 0.001,
    "grad_norm": 0.7536260485649109,
    "perplexity": 6.690007377353383,
    "tokens_per_sec": 934.9658037901645,
    "step": 1326,
    "epoch": 1,
    "sample_output": "",
    "anomalies": []
  }
}