{
  "saved_at": "20260202_171317",
  "metrics": {
    "timestamp": 1770023597.56623,
    "loss": 1.7021077871322632,
    "learning_rate": 0.001,
    "grad_norm": 0.6443586349487305,
    "perplexity": 5.4854974758853565,
    "tokens_per_sec": 688.1219998086648,
    "step": 216,
    "epoch": 165,
    "sample_output": "Onocie uorar a rrililiimr Greg the AI ",
    "anomalies": []
  }
}