{
  "saved_at": "20260201_182111",
  "metrics": {
    "timestamp": 1769941271.1479437,
    "loss": 1.7896292209625244,
    "learning_rate": 0.001,
    "grad_norm": 0.7334488034248352,
    "perplexity": 5.9872321146180045,
    "tokens_per_sec": 924.0549540418622,
    "step": 1608,
    "epoch": 1,
    "sample_output": "",
    "anomalies": []
  }
}