{
  "saved_at": "20260202_162144",
  "metrics": {
    "timestamp": 1770020504.9553494,
    "loss": 1.7675628662109375,
    "learning_rate": 0.001,
    "grad_norm": 0.649698793888092,
    "perplexity": 5.856562727451767,
    "tokens_per_sec": 771.6735031051444,
    "step": 51,
    "epoch": 32,
    "sample_output": "",
    "anomalies": []
  }
}