{
  "saved_at": "20260201_161755",
  "metrics": {
    "timestamp": 1769933875.3757904,
    "loss": 2.89611554145813,
    "learning_rate": 0.001,
    "grad_norm": 1.384385585784912,
    "perplexity": 18.103685592859424,
    "tokens_per_sec": 941.2679548104535,
    "step": 36,
    "epoch": 1,
    "sample_output": "",
    "anomalies": []
  }
}