{
  "saved_at": "20260202_170445",
  "metrics": {
    "timestamp": 1770023085.8460562,
    "loss": 1.7474491596221924,
    "learning_rate": 0.001,
    "grad_norm": 0.6904019117355347,
    "perplexity": 5.739942309218635,
    "tokens_per_sec": 805.6593040301411,
    "step": 95,
    "epoch": 165,
    "sample_output": "Onocie uorar a rrililiimr Greg the AI ",
    "anomalies": []
  }
}