{
  "saved_at": "20260202_165853",
  "metrics": {
    "timestamp": 1770022733.5501337,
    "loss": 1.6819219589233398,
    "learning_rate": 0.001,
    "grad_norm": 0.6548580527305603,
    "perplexity": 5.375878265634894,
    "tokens_per_sec": 821.565797369189,
    "step": 6,
    "epoch": 165,
    "sample_output": "Onocie uorar a rrililiimr Greg the AI ",
    "anomalies": []
  }
}