{
  "saved_at": "20260202_172958",
  "metrics": {
    "timestamp": 1770024598.3349829,
    "loss": 1.630851149559021,
    "learning_rate": 0.001,
    "grad_norm": 0.704209566116333,
    "perplexity": 5.108220728542582,
    "tokens_per_sec": 826.978597302727,
    "step": 459,
    "epoch": 165,
    "sample_output": "Onocie uorar a rrililiimr Greg the AI ",
    "anomalies": []
  }
}