{
  "saved_at": "20260202_174837",
  "metrics": {
    "timestamp": 1770025717.298367,
    "loss": 1.7264354228973389,
    "learning_rate": 0.001,
    "grad_norm": 0.6439763307571411,
    "perplexity": 5.620583155786879,
    "tokens_per_sec": 750.3208367097992,
    "step": 60,
    "epoch": 32,
    "sample_output": "",
    "anomalies": []
  }
}