{
  "saved_at": "20260201_172036",
  "metrics": {
    "timestamp": 1769937636.5087302,
    "loss": 1.9995025396347046,
    "learning_rate": 0.001,
    "grad_norm": 0.7692345380783081,
    "perplexity": 7.385381250505992,
    "tokens_per_sec": 939.491683536918,
    "step": 540,
    "epoch": 1,
    "sample_output": "",
    "anomalies": []
  }
}