{
  "saved_at": "20260201_172127",
  "metrics": {
    "timestamp": 1769937687.096041,
    "loss": 1.9979420900344849,
    "learning_rate": 0.001,
    "grad_norm": 0.7435125708580017,
    "perplexity": 7.373865722323539,
    "tokens_per_sec": 941.7621938536932,
    "step": 555,
    "epoch": 1,
    "sample_output": "",
    "anomalies": []
  }
}