{
  "saved_at": "20260201_183545",
  "metrics": {
    "timestamp": 1769942145.1787274,
    "loss": 1.8869736194610596,
    "learning_rate": 0.001,
    "grad_norm": 0.7220945358276367,
    "perplexity": 6.599366235259851,
    "tokens_per_sec": 925.9815496941833,
    "step": 1863,
    "epoch": 1,
    "sample_output": "",
    "anomalies": []
  }
}