{
  "saved_at": "20260202_161913",
  "metrics": {
    "timestamp": 1770020353.7118728,
    "loss": 1.7959553003311157,
    "learning_rate": 0.001,
    "grad_norm": 0.7161616683006287,
    "perplexity": 6.025227875559451,
    "tokens_per_sec": 766.2036694253015,
    "step": 15,
    "epoch": 32,
    "sample_output": "",
    "anomalies": []
  }
}