{
  "saved_at": "20260201_173523",
  "metrics": {
    "timestamp": 1769938523.1805143,
    "loss": 1.9620211124420166,
    "learning_rate": 0.001,
    "grad_norm": 0.7468147873878479,
    "perplexity": 7.11369011319622,
    "tokens_per_sec": 936.9518286048267,
    "step": 801,
    "epoch": 1,
    "sample_output": "",
    "anomalies": []
  }
}