{
  "saved_at": "20260202_171907",
  "metrics": {
    "timestamp": 1770023947.8522263,
    "loss": 1.7798806428909302,
    "learning_rate": 0.001,
    "grad_norm": 0.6805580258369446,
    "perplexity": 5.929148690308865,
    "tokens_per_sec": 811.3595218909317,
    "step": 303,
    "epoch": 165,
    "sample_output": "Onocie uorar a rrililiimr Greg the AI ",
    "anomalies": []
  }
}