{
  "saved_at": "20260202_164206",
  "metrics": {
    "timestamp": 1770021726.2616205,
    "loss": 1.8675395250320435,
    "learning_rate": 0.001,
    "grad_norm": 0.6983929872512817,
    "perplexity": 6.472351732182725,
    "tokens_per_sec": 778.2825908307458,
    "step": 342,
    "epoch": 32,
    "sample_output": "",
    "anomalies": []
  }
}