{
  "saved_at": "20260202_163549",
  "metrics": {
    "timestamp": 1770021349.9043438,
    "loss": 1.849316954612732,
    "learning_rate": 0.001,
    "grad_norm": 0.7181880474090576,
    "perplexity": 6.355476960465415,
    "tokens_per_sec": 782.5756597358007,
    "step": 252,
    "epoch": 32,
    "sample_output": "",
    "anomalies": []
  }
}