{
  "saved_at": "20260201_162953",
  "metrics": {
    "timestamp": 1769934593.6532745,
    "loss": 2.427243709564209,
    "learning_rate": 0.001,
    "grad_norm": 0.9035266637802124,
    "perplexity": 11.327616809839506,
    "tokens_per_sec": 954.1820366410072,
    "step": 240,
    "epoch": 1,
    "sample_output": "",
    "anomalies": []
  }
}