{
  "saved_at": "20260201_181958",
  "metrics": {
    "timestamp": 1769941198.992694,
    "loss": 1.8957151174545288,
    "learning_rate": 0.001,
    "grad_norm": 0.7599828243255615,
    "perplexity": 6.65730745955293,
    "tokens_per_sec": 920.5600332801247,
    "step": 1587,
    "epoch": 1,
    "sample_output": "",
    "anomalies": []
  }
}