{
  "saved_at": "20260202_162533",
  "metrics": {
    "timestamp": 1770020733.3122475,
    "loss": 1.7012816667556763,
    "learning_rate": 0.001,
    "grad_norm": 0.684884250164032,
    "perplexity": 5.480967665986565,
    "tokens_per_sec": 780.4276457712572,
    "step": 105,
    "epoch": 32,
    "sample_output": "",
    "anomalies": []
  }
}