{
  "saved_at": "20260201_183047",
  "metrics": {
    "timestamp": 1769941847.9893553,
    "loss": 1.9765228033065796,
    "learning_rate": 0.001,
    "grad_norm": 0.8169418573379517,
    "perplexity": 7.2176022781245415,
    "tokens_per_sec": 923.6789120797923,
    "step": 1776,
    "epoch": 1,
    "sample_output": "",
    "anomalies": []
  }
}