{
  "saved_at": "20260202_172124",
  "metrics": {
    "timestamp": 1770024084.6898024,
    "loss": 1.6568422317504883,
    "learning_rate": 0.001,
    "grad_norm": 0.6576189398765564,
    "perplexity": 5.242729353679056,
    "tokens_per_sec": 817.5332458276602,
    "step": 336,
    "epoch": 165,
    "sample_output": "Onocie uorar a rrililiimr Greg the AI ",
    "anomalies": []
  }
}