{
  "saved_at": "20260201_180611",
  "metrics": {
    "timestamp": 1769940371.469402,
    "loss": 1.8094935417175293,
    "learning_rate": 0.001,
    "grad_norm": 0.666426956653595,
    "perplexity": 6.107353529051532,
    "tokens_per_sec": 929.321867775296,
    "step": 1344,
    "epoch": 1,
    "sample_output": "",
    "anomalies": []
  }
}