{
  "saved_at": "20260202_163602",
  "metrics": {
    "timestamp": 1770021362.380467,
    "loss": 1.768955945968628,
    "learning_rate": 0.001,
    "grad_norm": 0.6806468367576599,
    "perplexity": 5.864727071908163,
    "tokens_per_sec": 780.3254201616548,
    "step": 255,
    "epoch": 32,
    "sample_output": "",
    "anomalies": []
  }
}