{
  "saved_at": "20260202_171943",
  "metrics": {
    "timestamp": 1770023983.3165138,
    "loss": 1.7587344646453857,
    "learning_rate": 0.001,
    "grad_norm": 0.7234829664230347,
    "perplexity": 5.805086201961584,
    "tokens_per_sec": 805.7210239405645,
    "step": 312,
    "epoch": 165,
    "sample_output": "Onocie uorar a rrililiimr Greg the AI ",
    "anomalies": []
  }
}