{
  "saved_at": "20260202_162404",
  "metrics": {
    "timestamp": 1770020644.611363,
    "loss": 1.7335717678070068,
    "learning_rate": 0.001,
    "grad_norm": 0.6309012770652771,
    "perplexity": 5.660837037737441,
    "tokens_per_sec": 765.1690868736447,
    "step": 84,
    "epoch": 32,
    "sample_output": "",
    "anomalies": []
  }
}