{
  "saved_at": "20260201_182721",
  "metrics": {
    "timestamp": 1769941641.5393317,
    "loss": 1.8213660717010498,
    "learning_rate": 0.001,
    "grad_norm": 0.651265025138855,
    "perplexity": 6.1802954124907,
    "tokens_per_sec": 924.610849477875,
    "step": 1716,
    "epoch": 1,
    "sample_output": "",
    "anomalies": []
  }
}