{
  "saved_at": "20260202_172911",
  "metrics": {
    "timestamp": 1770024551.1156542,
    "loss": 1.7659761905670166,
    "learning_rate": 0.001,
    "grad_norm": 0.796937882900238,
    "perplexity": 5.847277630181835,
    "tokens_per_sec": 821.3904607478389,
    "step": 447,
    "epoch": 165,
    "sample_output": "Onocie uorar a rrililiimr Greg the AI ",
    "anomalies": []
  }
}