{
  "saved_at": "20260201_182752",
  "metrics": {
    "timestamp": 1769941672.716068,
    "loss": 1.8715566396713257,
    "learning_rate": 0.001,
    "grad_norm": 0.7094095349311829,
    "perplexity": 6.498404203924964,
    "tokens_per_sec": 915.1384666463091,
    "step": 1725,
    "epoch": 1,
    "sample_output": "",
    "anomalies": []
  }
}