{
  "saved_at": "20260201_174211",
  "metrics": {
    "timestamp": 1769938931.5333283,
    "loss": 1.9217145442962646,
    "learning_rate": 0.001,
    "grad_norm": 0.78348308801651,
    "perplexity": 6.832663336118297,
    "tokens_per_sec": 925.6617167238144,
    "step": 921,
    "epoch": 1,
    "sample_output": "",
    "anomalies": []
  }
}