{
  "saved_at": "20260201_173907",
  "metrics": {
    "timestamp": 1769938747.907822,
    "loss": 1.953812837600708,
    "learning_rate": 0.001,
    "grad_norm": 0.745079755783081,
    "perplexity": 7.055537980458653,
    "tokens_per_sec": 943.6692982022531,
    "step": 867,
    "epoch": 1,
    "sample_output": "",
    "anomalies": []
  }
}