{
  "saved_at": "20260201_173241",
  "metrics": {
    "timestamp": 1769938361.2804573,
    "loss": 1.9586886167526245,
    "learning_rate": 0.001,
    "grad_norm": 0.6989735960960388,
    "perplexity": 7.090023228356942,
    "tokens_per_sec": 932.4970645492892,
    "step": 753,
    "epoch": 1,
    "sample_output": "",
    "anomalies": []
  }
}