{
  "saved_at": "20260201_165247",
  "metrics": {
    "timestamp": 1769935967.7924507,
    "loss": 1.9348856210708618,
    "learning_rate": 0.001,
    "grad_norm": 0.7777252793312073,
    "perplexity": 6.92325213592423,
    "tokens_per_sec": 930.7224532006076,
    "step": 48,
    "epoch": 1,
    "sample_output": "",
    "anomalies": []
  }
}