{
  "saved_at": "20260201_183514",
  "metrics": {
    "timestamp": 1769942114.3104286,
    "loss": 1.8353314399719238,
    "learning_rate": 0.001,
    "grad_norm": 0.6588538885116577,
    "perplexity": 6.267211005479181,
    "tokens_per_sec": 935.4170139691664,
    "step": 1854,
    "epoch": 1,
    "sample_output": "",
    "anomalies": []
  }
}