{
  "saved_at": "20260201_173018",
  "metrics": {
    "timestamp": 1769938218.1282642,
    "loss": 1.8671518564224243,
    "learning_rate": 0.001,
    "grad_norm": 0.8379356265068054,
    "perplexity": 6.469843090877904,
    "tokens_per_sec": 925.643737568117,
    "step": 711,
    "epoch": 1,
    "sample_output": "",
    "anomalies": []
  }
}