{
  "saved_at": "20260201_162426",
  "metrics": {
    "timestamp": 1769934266.4416764,
    "loss": 2.5756826400756836,
    "learning_rate": 0.001,
    "grad_norm": 0.9337807893753052,
    "perplexity": 13.140284182105534,
    "tokens_per_sec": 955.9943565984191,
    "step": 147,
    "epoch": 1,
    "sample_output": "",
    "anomalies": []
  }
}