{
  "saved_at": "20260202_171253",
  "metrics": {
    "timestamp": 1770023573.8531573,
    "loss": 1.7831584215164185,
    "learning_rate": 0.001,
    "grad_norm": 0.6696721911430359,
    "perplexity": 5.948615012872737,
    "tokens_per_sec": 604.7649020570095,
    "step": 211,
    "epoch": 165,
    "sample_output": "Onocie uorar a rrililiimr Greg the AI ",
    "anomalies": []
  }
}