{
  "saved_at": "20260201_172906",
  "metrics": {
    "timestamp": 1769938146.227242,
    "loss": 1.9317612648010254,
    "learning_rate": 0.001,
    "grad_norm": 0.6885603666305542,
    "perplexity": 6.90165518555774,
    "tokens_per_sec": 927.7515909900442,
    "step": 690,
    "epoch": 1,
    "sample_output": "",
    "anomalies": []
  }
}