{
  "saved_at": "20260202_163101",
  "metrics": {
    "timestamp": 1770021061.5248923,
    "loss": 1.6925431489944458,
    "learning_rate": 0.001,
    "grad_norm": 0.6625116467475891,
    "perplexity": 5.433280792438164,
    "tokens_per_sec": 781.7007409975199,
    "step": 183,
    "epoch": 32,
    "sample_output": "",
    "anomalies": []
  }
}