{
  "saved_at": "20260202_162314",
  "metrics": {
    "timestamp": 1770020594.0001347,
    "loss": 1.82875657081604,
    "learning_rate": 0.001,
    "grad_norm": 0.6566497087478638,
    "perplexity": 6.226140079083578,
    "tokens_per_sec": 767.4654553216557,
    "step": 72,
    "epoch": 32,
    "sample_output": "",
    "anomalies": []
  }
}