{
  "saved_at": "20260201_170339",
  "metrics": {
    "timestamp": 1769936619.9055657,
    "loss": 1.9909459352493286,
    "learning_rate": 0.001,
    "grad_norm": 0.6710667610168457,
    "perplexity": 7.322457057541246,
    "tokens_per_sec": 944.1911654887849,
    "step": 240,
    "epoch": 1,
    "sample_output": "",
    "anomalies": []
  }
}