{
  "saved_at": "20260202_171511",
  "metrics": {
    "timestamp": 1770023711.0514715,
    "loss": 1.6262507438659668,
    "learning_rate": 0.001,
    "grad_norm": 0.6869558095932007,
    "perplexity": 5.084774812534602,
    "tokens_per_sec": 809.0774574944206,
    "step": 243,
    "epoch": 165,
    "sample_output": "Onocie uorar a rrililiimr Greg the AI ",
    "anomalies": []
  }
}