{
  "saved_at": "20260202_163319",
  "metrics": {
    "timestamp": 1770021199.6695855,
    "loss": 1.6774286031723022,
    "learning_rate": 0.001,
    "grad_norm": 0.7343756556510925,
    "perplexity": 5.351776721071391,
    "tokens_per_sec": 753.0262129035599,
    "step": 216,
    "epoch": 32,
    "sample_output": "",
    "anomalies": []
  }
}