{
  "saved_at": "20260202_172549",
  "metrics": {
    "timestamp": 1770024349.582148,
    "loss": 1.7430015802383423,
    "learning_rate": 0.001,
    "grad_norm": 0.7379897236824036,
    "perplexity": 5.714470146860392,
    "tokens_per_sec": 719.5220427553651,
    "step": 399,
    "epoch": 165,
    "sample_output": "Onocie uorar a rrililiimr Greg the AI ",
    "anomalies": []
  }
}