{
  "saved_at": "20260201_170704",
  "metrics": {
    "timestamp": 1769936824.241778,
    "loss": 1.9027796983718872,
    "learning_rate": 0.001,
    "grad_norm": 0.8009488582611084,
    "perplexity": 6.7045050661522625,
    "tokens_per_sec": 934.8115108570174,
    "step": 300,
    "epoch": 1,
    "sample_output": "",
    "anomalies": []
  }
}