{
  "saved_at": "20260202_163910",
  "metrics": {
    "timestamp": 1770021550.7066698,
    "loss": 1.8496345281600952,
    "learning_rate": 0.001,
    "grad_norm": 0.6701933145523071,
    "perplexity": 6.357495612347189,
    "tokens_per_sec": 778.4903794024501,
    "step": 300,
    "epoch": 32,
    "sample_output": "",
    "anomalies": []
  }
}