{
  "saved_at": "20260201_172207",
  "metrics": {
    "timestamp": 1769937727.7056692,
    "loss": 1.9617244005203247,
    "learning_rate": 0.001,
    "grad_norm": 0.6517997980117798,
    "perplexity": 7.111579709638843,
    "tokens_per_sec": 930.6788576597405,
    "step": 567,
    "epoch": 1,
    "sample_output": "",
    "anomalies": []
  }
}