{
  "saved_at": "20260201_180156",
  "metrics": {
    "timestamp": 1769940116.640954,
    "loss": 1.791654109954834,
    "learning_rate": 0.001,
    "grad_norm": 0.7138619422912598,
    "perplexity": 5.999367877661234,
    "tokens_per_sec": 936.1005089813668,
    "step": 1269,
    "epoch": 1,
    "sample_output": "",
    "anomalies": []
  }
}