{
  "saved_at": "20260201_181633",
  "metrics": {
    "timestamp": 1769940993.571583,
    "loss": 1.9875942468643188,
    "learning_rate": 0.001,
    "grad_norm": 0.7912085056304932,
    "perplexity": 7.297955546923145,
    "tokens_per_sec": 936.1364189006597,
    "step": 1527,
    "epoch": 1,
    "sample_output": "",
    "anomalies": []
  }
}