{
  "saved_at": "20260202_172200",
  "metrics": {
    "timestamp": 1770024120.6751223,
    "loss": 1.7472060918807983,
    "learning_rate": 0.001,
    "grad_norm": 0.7241227626800537,
    "perplexity": 5.738547283955489,
    "tokens_per_sec": 813.6322628152757,
    "step": 345,
    "epoch": 165,
    "sample_output": "Onocie uorar a rrililiimr Greg the AI ",
    "anomalies": []
  }
}