{
  "saved_at": "20260201_172957",
  "metrics": {
    "timestamp": 1769938197.540157,
    "loss": 1.9028366804122925,
    "learning_rate": 0.001,
    "grad_norm": 0.6881848573684692,
    "perplexity": 6.704887113415652,
    "tokens_per_sec": 910.9840081492642,
    "step": 705,
    "epoch": 1,
    "sample_output": "",
    "anomalies": []
  }
}