{
  "saved_at": "20260202_172346",
  "metrics": {
    "timestamp": 1770024226.482635,
    "loss": 1.7801177501678467,
    "learning_rate": 0.001,
    "grad_norm": 0.6920748353004456,
    "perplexity": 5.930554701290387,
    "tokens_per_sec": 802.920967245392,
    "step": 369,
    "epoch": 165,
    "sample_output": "Onocie uorar a rrililiimr Greg the AI ",
    "anomalies": []
  }
}