{
  "saved_at": "20260202_163357",
  "metrics": {
    "timestamp": 1770021237.308758,
    "loss": 1.7443747520446777,
    "learning_rate": 0.001,
    "grad_norm": 0.7107242345809937,
    "perplexity": 5.722322486225856,
    "tokens_per_sec": 766.5180263568561,
    "step": 225,
    "epoch": 32,
    "sample_output": "",
    "anomalies": []
  }
}