{
  "saved_at": "20260201_164108",
  "metrics": {
    "timestamp": 1769935268.189663,
    "loss": 2.112149477005005,
    "learning_rate": 0.001,
    "grad_norm": 0.8047146797180176,
    "perplexity": 8.265989757733573,
    "tokens_per_sec": 954.6594899993798,
    "step": 432,
    "epoch": 1,
    "sample_output": "",
    "anomalies": []
  }
}