{
  "saved_at": "20260202_172334",
  "metrics": {
    "timestamp": 1770024214.4531143,
    "loss": 1.7402454614639282,
    "learning_rate": 0.001,
    "grad_norm": 0.6474242806434631,
    "perplexity": 5.698742072579326,
    "tokens_per_sec": 807.8107782395342,
    "step": 366,
    "epoch": 165,
    "sample_output": "Onocie uorar a rrililiimr Greg the AI ",
    "anomalies": []
  }
}