{
  "saved_at": "20260202_163742",
  "metrics": {
    "timestamp": 1770021462.6992671,
    "loss": 1.7464781999588013,
    "learning_rate": 0.001,
    "grad_norm": 0.6767873167991638,
    "perplexity": 5.7343717615923575,
    "tokens_per_sec": 780.2715730545841,
    "step": 279,
    "epoch": 32,
    "sample_output": "",
    "anomalies": []
  }
}