{
  "saved_at": "20260202_163639",
  "metrics": {
    "timestamp": 1770021399.9916325,
    "loss": 1.7332699298858643,
    "learning_rate": 0.001,
    "grad_norm": 0.6868711709976196,
    "perplexity": 5.659128640296579,
    "tokens_per_sec": 781.6055096492528,
    "step": 264,
    "epoch": 32,
    "sample_output": "",
    "anomalies": []
  }
}