{
  "saved_at": "20260202_171059",
  "metrics": {
    "timestamp": 1770023459.209028,
    "loss": 1.8801231384277344,
    "learning_rate": 0.001,
    "grad_norm": 0.7474557757377625,
    "perplexity": 6.554311900163702,
    "tokens_per_sec": 825.0350757877103,
    "step": 188,
    "epoch": 165,
    "sample_output": "Onocie uorar a rrililiimr Greg the AI ",
    "anomalies": []
  }
}