{
  "saved_at": "20260202_171435",
  "metrics": {
    "timestamp": 1770023675.455101,
    "loss": 1.640594244003296,
    "learning_rate": 0.001,
    "grad_norm": 0.6409544348716736,
    "perplexity": 5.158233851195651,
    "tokens_per_sec": 794.5957656326932,
    "step": 234,
    "epoch": 165,
    "sample_output": "Onocie uorar a rrililiimr Greg the AI ",
    "anomalies": []
  }
}