{
  "saved_at": "20260202_172112",
  "metrics": {
    "timestamp": 1770024072.86978,
    "loss": 1.641955018043518,
    "learning_rate": 0.001,
    "grad_norm": 0.6290607452392578,
    "perplexity": 5.165257819846993,
    "tokens_per_sec": 792.9765408027843,
    "step": 333,
    "epoch": 165,
    "sample_output": "Onocie uorar a rrililiimr Greg the AI ",
    "anomalies": []
  }
}