{
  "saved_at": "20260202_162004",
  "metrics": {
    "timestamp": 1770020404.1917794,
    "loss": 1.8094980716705322,
    "learning_rate": 0.001,
    "grad_norm": 0.6658955216407776,
    "perplexity": 6.107381195138654,
    "tokens_per_sec": 769.8810019842181,
    "step": 27,
    "epoch": 32,
    "sample_output": "",
    "anomalies": []
  }
}