{
  "saved_at": "20260201_183657",
  "metrics": {
    "timestamp": 1769942217.28045,
    "loss": 1.8587220907211304,
    "learning_rate": 0.001,
    "grad_norm": 0.6182384490966797,
    "perplexity": 6.415533061518841,
    "tokens_per_sec": 924.8796832215392,
    "step": 1884,
    "epoch": 1,
    "sample_output": "",
    "anomalies": []
  }
}