{
  "saved_at": "20260202_163010",
  "metrics": {
    "timestamp": 1770021010.7534735,
    "loss": 1.7842758893966675,
    "learning_rate": 0.001,
    "grad_norm": 0.6785086989402771,
    "perplexity": 5.955266114585734,
    "tokens_per_sec": 714.2101110599027,
    "step": 171,
    "epoch": 32,
    "sample_output": "",
    "anomalies": []
  }
}