{
  "saved_at": "20260202_171124",
  "metrics": {
    "timestamp": 1770023484.3072903,
    "loss": 1.711039662361145,
    "learning_rate": 0.001,
    "grad_norm": 0.6546143889427185,
    "perplexity": 5.534712719925544,
    "tokens_per_sec": 797.5904055405204,
    "step": 194,
    "epoch": 165,
    "sample_output": "Onocie uorar a rrililiimr Greg the AI ",
    "anomalies": []
  }
}