{
  "saved_at": "20260202_172424",
  "metrics": {
    "timestamp": 1770024264.1499171,
    "loss": 1.7211878299713135,
    "learning_rate": 0.001,
    "grad_norm": 0.6748901605606079,
    "perplexity": 5.591165875839352,
    "tokens_per_sec": 801.6195204379096,
    "step": 378,
    "epoch": 165,
    "sample_output": "Onocie uorar a rrililiimr Greg the AI ",
    "anomalies": []
  }
}