{
  "saved_at": "20260201_164036",
  "metrics": {
    "timestamp": 1769935236.689006,
    "loss": 2.3045449256896973,
    "learning_rate": 0.001,
    "grad_norm": 0.7422212958335876,
    "perplexity": 10.019617544229654,
    "tokens_per_sec": 955.2718639713776,
    "step": 423,
    "epoch": 1,
    "sample_output": "",
    "anomalies": []
  }
}