{
  "saved_at": "20260201_170431",
  "metrics": {
    "timestamp": 1769936671.1586692,
    "loss": 1.9573580026626587,
    "learning_rate": 0.001,
    "grad_norm": 0.6935944557189941,
    "perplexity": 7.080595417331221,
    "tokens_per_sec": 903.703670847314,
    "step": 255,
    "epoch": 1,
    "sample_output": "",
    "anomalies": []
  }
}