{
  "saved_at": "20260201_175943",
  "metrics": {
    "timestamp": 1769939983.3901224,
    "loss": 1.9378799200057983,
    "learning_rate": 0.001,
    "grad_norm": 0.7735660076141357,
    "perplexity": 6.944013489759074,
    "tokens_per_sec": 930.0213372661016,
    "step": 1230,
    "epoch": 1,
    "sample_output": "",
    "anomalies": []
  }
}