{
  "saved_at": "20260202_170157",
  "metrics": {
    "timestamp": 1770022917.9834414,
    "loss": 1.7637639045715332,
    "learning_rate": 0.001,
    "grad_norm": 0.6729205846786499,
    "perplexity": 5.834356078123275,
    "tokens_per_sec": 823.030569448829,
    "step": 54,
    "epoch": 165,
    "sample_output": "Onocie uorar a rrililiimr Greg the AI ",
    "anomalies": []
  }
}