{
  "saved_at": "20260202_161900",
  "metrics": {
    "timestamp": 1770020340.8841283,
    "loss": 1.7999294996261597,
    "learning_rate": 0.001,
    "grad_norm": 0.7006575465202332,
    "perplexity": 6.049220977039039,
    "tokens_per_sec": 758.2790965151056,
    "step": 12,
    "epoch": 32,
    "sample_output": "",
    "anomalies": []
  }
}