{
  "saved_at": "20260202_171112",
  "metrics": {
    "timestamp": 1770023472.2352853,
    "loss": 1.6702613830566406,
    "learning_rate": 0.001,
    "grad_norm": 0.7344574332237244,
    "perplexity": 5.313556489319773,
    "tokens_per_sec": 641.1863763066641,
    "step": 191,
    "epoch": 165,
    "sample_output": "Onocie uorar a rrililiimr Greg the AI ",
    "anomalies": []
  }
}