{
  "saved_at": "20260201_173513",
  "metrics": {
    "timestamp": 1769938513.057058,
    "loss": 1.9986162185668945,
    "learning_rate": 0.001,
    "grad_norm": 0.7475619316101074,
    "perplexity": 7.378838331501662,
    "tokens_per_sec": 944.8887016033531,
    "step": 798,
    "epoch": 1,
    "sample_output": "",
    "anomalies": []
  }
}