{
  "saved_at": "20260202_171622",
  "metrics": {
    "timestamp": 1770023782.0317917,
    "loss": 1.7065905332565308,
    "learning_rate": 0.001,
    "grad_norm": 0.7062661051750183,
    "perplexity": 5.510142766454847,
    "tokens_per_sec": 799.9650379879804,
    "step": 261,
    "epoch": 165,
    "sample_output": "Onocie uorar a rrililiimr Greg the AI ",
    "anomalies": []
  }
}