{
  "saved_at": "20260202_162107",
  "metrics": {
    "timestamp": 1770020467.2575786,
    "loss": 1.7914904356002808,
    "learning_rate": 0.001,
    "grad_norm": 0.7110829949378967,
    "perplexity": 5.998386015351162,
    "tokens_per_sec": 755.655310401004,
    "step": 42,
    "epoch": 32,
    "sample_output": "",
    "anomalies": []
  }
}