{
  "saved_at": "20260202_171855",
  "metrics": {
    "timestamp": 1770023935.984938,
    "loss": 1.7485368251800537,
    "learning_rate": 0.001,
    "grad_norm": 0.6679043769836426,
    "perplexity": 5.746188843226618,
    "tokens_per_sec": 811.5183971518017,
    "step": 300,
    "epoch": 165,
    "sample_output": "Onocie uorar a rrililiimr Greg the AI ",
    "anomalies": []
  }
}