{
  "saved_at": "20260202_164013",
  "metrics": {
    "timestamp": 1770021613.4049766,
    "loss": 1.6921963691711426,
    "learning_rate": 0.001,
    "grad_norm": 0.6403067111968994,
    "perplexity": 5.431396966940221,
    "tokens_per_sec": 782.2628142145073,
    "step": 315,
    "epoch": 32,
    "sample_output": "",
    "anomalies": []
  }
}