{
  "saved_at": "20260201_175124",
  "metrics": {
    "timestamp": 1769939484.0451293,
    "loss": 1.809051275253296,
    "learning_rate": 0.001,
    "grad_norm": 0.7289205193519592,
    "perplexity": 6.104653048610401,
    "tokens_per_sec": 936.4673995174466,
    "step": 1083,
    "epoch": 1,
    "sample_output": "",
    "anomalies": []
  }
}