{
  "saved_at": "20260201_165813",
  "metrics": {
    "timestamp": 1769936293.6386406,
    "loss": 1.9150422811508179,
    "learning_rate": 0.001,
    "grad_norm": 0.7999722361564636,
    "perplexity": 6.787225762648756,
    "tokens_per_sec": 940.6598756098077,
    "step": 144,
    "epoch": 1,
    "sample_output": "",
    "anomalies": []
  }
}