{
  "saved_at": "20260202_163948",
  "metrics": {
    "timestamp": 1770021588.421975,
    "loss": 1.7926392555236816,
    "learning_rate": 0.001,
    "grad_norm": 0.6954745650291443,
    "perplexity": 6.005281040526663,
    "tokens_per_sec": 778.4338055014662,
    "step": 309,
    "epoch": 32,
    "sample_output": "",
    "anomalies": []
  }
}