{
  "saved_at": "20260201_163117",
  "metrics": {
    "timestamp": 1769934677.3785248,
    "loss": 2.243476152420044,
    "learning_rate": 0.001,
    "grad_norm": 0.7406074404716492,
    "perplexity": 9.426040757343943,
    "tokens_per_sec": 950.2443747836944,
    "step": 264,
    "epoch": 1,
    "sample_output": "",
    "anomalies": []
  }
}