{
  "saved_at": "20260202_162957",
  "metrics": {
    "timestamp": 1770020997.8674178,
    "loss": 1.8235753774642944,
    "learning_rate": 0.001,
    "grad_norm": 0.670944094657898,
    "perplexity": 6.193964668987643,
    "tokens_per_sec": 782.9124568076942,
    "step": 168,
    "epoch": 32,
    "sample_output": "",
    "anomalies": []
  }
}