{
  "saved_at": "20260202_162429",
  "metrics": {
    "timestamp": 1770020669.8945065,
    "loss": 1.7744829654693604,
    "learning_rate": 0.001,
    "grad_norm": 0.6820253133773804,
    "perplexity": 5.897231275740616,
    "tokens_per_sec": 770.6121159132316,
    "step": 90,
    "epoch": 32,
    "sample_output": "",
    "anomalies": []
  }
}