{
  "saved_at": "20260201_162252",
  "metrics": {
    "timestamp": 1769934172.2011325,
    "loss": 2.5896787643432617,
    "learning_rate": 0.001,
    "grad_norm": 0.7246589064598083,
    "perplexity": 13.325490292952221,
    "tokens_per_sec": 952.191853031953,
    "step": 120,
    "epoch": 1,
    "sample_output": "",
    "anomalies": []
  }
}