{
  "saved_at": "20260201_174130",
  "metrics": {
    "timestamp": 1769938890.7840142,
    "loss": 1.8586483001708984,
    "learning_rate": 0.001,
    "grad_norm": 0.7059648036956787,
    "perplexity": 6.415059673270204,
    "tokens_per_sec": 940.3876405361952,
    "step": 909,
    "epoch": 1,
    "sample_output": "",
    "anomalies": []
  }
}