{
  "saved_at": "20260202_162054",
  "metrics": {
    "timestamp": 1770020454.629027,
    "loss": 1.793718934059143,
    "learning_rate": 0.001,
    "grad_norm": 0.7072996497154236,
    "perplexity": 6.011768315020858,
    "tokens_per_sec": 770.4968313341142,
    "step": 39,
    "epoch": 32,
    "sample_output": "",
    "anomalies": []
  }
}