{
  "saved_at": "20260201_173352",
  "metrics": {
    "timestamp": 1769938432.1374893,
    "loss": 1.9480140209197998,
    "learning_rate": 0.001,
    "grad_norm": 0.7357071042060852,
    "perplexity": 7.014742605890373,
    "tokens_per_sec": 941.028464433034,
    "step": 774,
    "epoch": 1,
    "sample_output": "",
    "anomalies": []
  }
}