{
  "saved_at": "20260201_181724",
  "metrics": {
    "timestamp": 1769941044.6685877,
    "loss": 1.827107310295105,
    "learning_rate": 0.001,
    "grad_norm": 0.744503378868103,
    "perplexity": 6.215880015138204,
    "tokens_per_sec": 929.8956903377599,
    "step": 1542,
    "epoch": 1,
    "sample_output": "",
    "anomalies": []
  }
}