{
  "saved_at": "20260202_172823",
  "metrics": {
    "timestamp": 1770024503.0170102,
    "loss": 1.7504161596298218,
    "learning_rate": 0.001,
    "grad_norm": 0.6732264757156372,
    "perplexity": 5.756998007710756,
    "tokens_per_sec": 669.8739578921916,
    "step": 435,
    "epoch": 165,
    "sample_output": "Onocie uorar a rrililiimr Greg the AI ",
    "anomalies": []
  }
}