{
  "saved_at": "20260201_170805",
  "metrics": {
    "timestamp": 1769936885.177368,
    "loss": 1.9395209550857544,
    "learning_rate": 0.001,
    "grad_norm": 0.7596338987350464,
    "perplexity": 6.95541821470891,
    "tokens_per_sec": 913.6622338548569,
    "step": 318,
    "epoch": 1,
    "sample_output": "",
    "anomalies": []
  }
}