{
  "saved_at": "20260202_172310",
  "metrics": {
    "timestamp": 1770024190.7064257,
    "loss": 1.7030847072601318,
    "learning_rate": 0.001,
    "grad_norm": 0.6929275989532471,
    "perplexity": 5.490858987238694,
    "tokens_per_sec": 784.1497374136055,
    "step": 360,
    "epoch": 165,
    "sample_output": "Onocie uorar a rrililiimr Greg the AI ",
    "anomalies": []
  }
}