{
  "saved_at": "20260202_161835",
  "metrics": {
    "timestamp": 1770020315.555715,
    "loss": 1.7276766300201416,
    "learning_rate": 0.001,
    "grad_norm": 0.7115284204483032,
    "perplexity": 5.627563794947476,
    "tokens_per_sec": 736.606147445121,
    "step": 6,
    "epoch": 32,
    "sample_output": "",
    "anomalies": []
  }
}