{
  "saved_at": "20260201_172511",
  "metrics": {
    "timestamp": 1769937911.3311484,
    "loss": 1.9515718221664429,
    "learning_rate": 0.001,
    "grad_norm": 0.8067647814750671,
    "perplexity": 7.03974411470579,
    "tokens_per_sec": 935.5138155623458,
    "step": 621,
    "epoch": 1,
    "sample_output": "",
    "anomalies": []
  }
}