{
  "saved_at": "20260202_162132",
  "metrics": {
    "timestamp": 1770020492.3935292,
    "loss": 1.7619880437850952,
    "learning_rate": 0.001,
    "grad_norm": 0.7101706266403198,
    "perplexity": 5.824004268357061,
    "tokens_per_sec": 767.0569796623017,
    "step": 48,
    "epoch": 32,
    "sample_output": "",
    "anomalies": []
  }
}