{
  "saved_at": "20260201_172309",
  "metrics": {
    "timestamp": 1769937789.3458672,
    "loss": 1.9049485921859741,
    "learning_rate": 0.001,
    "grad_norm": 0.7402573823928833,
    "perplexity": 6.719062206456012,
    "tokens_per_sec": 925.7746235446327,
    "step": 585,
    "epoch": 1,
    "sample_output": "",
    "anomalies": []
  }
}