{
  "saved_at": "20260202_163036",
  "metrics": {
    "timestamp": 1770021036.3647995,
    "loss": 1.7201493978500366,
    "learning_rate": 0.001,
    "grad_norm": 0.6878346800804138,
    "perplexity": 5.585362843147738,
    "tokens_per_sec": 785.2456961991991,
    "step": 177,
    "epoch": 32,
    "sample_output": "",
    "anomalies": []
  }
}