{
  "saved_at": "20260201_175235",
  "metrics": {
    "timestamp": 1769939555.1802757,
    "loss": 1.9494986534118652,
    "learning_rate": 0.001,
    "grad_norm": 0.7187447547912598,
    "perplexity": 7.025164655228795,
    "tokens_per_sec": 941.7071750261051,
    "step": 1104,
    "epoch": 1,
    "sample_output": "",
    "anomalies": []
  }
}