{
  "saved_at": "20260202_170609",
  "metrics": {
    "timestamp": 1770023169.5011485,
    "loss": 1.6514784097671509,
    "learning_rate": 0.001,
    "grad_norm": 0.6332303881645203,
    "perplexity": 5.214683570255042,
    "tokens_per_sec": 822.6634646515868,
    "step": 116,
    "epoch": 165,
    "sample_output": "Onocie uorar a rrililiimr Greg the AI ",
    "anomalies": []
  }
}