{
  "saved_at": "20260201_173119",
  "metrics": {
    "timestamp": 1769938279.5462859,
    "loss": 1.9750999212265015,
    "learning_rate": 0.001,
    "grad_norm": 0.6898428797721863,
    "perplexity": 7.207339784072756,
    "tokens_per_sec": 926.784777247605,
    "step": 729,
    "epoch": 1,
    "sample_output": "",
    "anomalies": []
  }
}