{
  "saved_at": "20260201_172259",
  "metrics": {
    "timestamp": 1769937779.113809,
    "loss": 1.95213782787323,
    "learning_rate": 0.001,
    "grad_norm": 0.8133425116539001,
    "perplexity": 7.043729777896686,
    "tokens_per_sec": 913.5001725834189,
    "step": 582,
    "epoch": 1,
    "sample_output": "",
    "anomalies": []
  }
}