{
  "saved_at": "20260201_182243",
  "metrics": {
    "timestamp": 1769941363.5203507,
    "loss": 1.8848564624786377,
    "learning_rate": 0.001,
    "grad_norm": 0.7669229507446289,
    "perplexity": 6.585409120869798,
    "tokens_per_sec": 925.0366998001302,
    "step": 1635,
    "epoch": 1,
    "sample_output": "",
    "anomalies": []
  }
}