{
  "saved_at": "20260202_164411",
  "metrics": {
    "timestamp": 1770021851.593408,
    "loss": 1.8521349430084229,
    "learning_rate": 0.001,
    "grad_norm": 0.6758285760879517,
    "perplexity": 6.373411879116888,
    "tokens_per_sec": 780.0218051807063,
    "step": 372,
    "epoch": 32,
    "sample_output": "",
    "anomalies": []
  }
}