{
  "saved_at": "20260202_163332",
  "metrics": {
    "timestamp": 1770021212.2233138,
    "loss": 1.6193212270736694,
    "learning_rate": 0.001,
    "grad_norm": 0.6636994481086731,
    "perplexity": 5.049661579461283,
    "tokens_per_sec": 776.4989106731125,
    "step": 219,
    "epoch": 32,
    "sample_output": "",
    "anomalies": []
  }
}