{
  "saved_at": "20260201_183646",
  "metrics": {
    "timestamp": 1769942206.9726486,
    "loss": 1.7803304195404053,
    "learning_rate": 0.001,
    "grad_norm": 0.6810200810432434,
    "perplexity": 5.931816082761484,
    "tokens_per_sec": 926.5438128177318,
    "step": 1881,
    "epoch": 1,
    "sample_output": "",
    "anomalies": []
  }
}