{
  "saved_at": "20260202_170244",
  "metrics": {
    "timestamp": 1770022964.6841233,
    "loss": 1.6558634042739868,
    "learning_rate": 0.001,
    "grad_norm": 0.626854658126831,
    "perplexity": 5.237600136854521,
    "tokens_per_sec": 539.2379091196981,
    "step": 65,
    "epoch": 165,
    "sample_output": "Onocie uorar a rrililiimr Greg the AI ",
    "anomalies": []
  }
}