{
  "saved_at": "20260202_162932",
  "metrics": {
    "timestamp": 1770020972.3607707,
    "loss": 1.8606948852539062,
    "learning_rate": 0.001,
    "grad_norm": 0.6962611079216003,
    "perplexity": 6.428202082646356,
    "tokens_per_sec": 779.8416979385266,
    "step": 162,
    "epoch": 32,
    "sample_output": "",
    "anomalies": []
  }
}