{
  "saved_at": "20260201_173251",
  "metrics": {
    "timestamp": 1769938371.4645352,
    "loss": 1.938812017440796,
    "learning_rate": 0.001,
    "grad_norm": 0.6985153555870056,
    "perplexity": 6.950489004357911,
    "tokens_per_sec": 934.734317059178,
    "step": 756,
    "epoch": 1,
    "sample_output": "",
    "anomalies": []
  }
}