{
  "saved_at": "20260202_174034",
  "metrics": {
    "timestamp": 1770025234.7019143,
    "loss": 1.5219751596450806,
    "learning_rate": 0.001,
    "grad_norm": 2.3555359840393066,
    "perplexity": 4.581264994420311,
    "tokens_per_sec": 84.51802834107525,
    "step": 0,
    "epoch": 1,
    "sample_output": "",
    "anomalies": []
  }
}