{
  "saved_at": "20260202_171931",
  "metrics": {
    "timestamp": 1770023971.4863975,
    "loss": 1.7777245044708252,
    "learning_rate": 0.001,
    "grad_norm": 0.7410121560096741,
    "perplexity": 5.916378397226303,
    "tokens_per_sec": 810.3987326331038,
    "step": 309,
    "epoch": 165,
    "sample_output": "Onocie uorar a rrililiimr Greg the AI ",
    "anomalies": []
  }
}