{
  "saved_at": "20260201_170249",
  "metrics": {
    "timestamp": 1769936569.189673,
    "loss": 1.9357678890228271,
    "learning_rate": 0.001,
    "grad_norm": 0.6887555122375488,
    "perplexity": 6.929362994718178,
    "tokens_per_sec": 936.9107841342541,
    "step": 225,
    "epoch": 1,
    "sample_output": "",
    "anomalies": []
  }
}