{
  "saved_at": "20260201_181056",
  "metrics": {
    "timestamp": 1769940656.973819,
    "loss": 1.837984323501587,
    "learning_rate": 0.001,
    "grad_norm": 0.7801171541213989,
    "perplexity": 6.283859259508086,
    "tokens_per_sec": 926.3926782978448,
    "step": 1428,
    "epoch": 1,
    "sample_output": "",
    "anomalies": []
  }
}