{
  "saved_at": "20260202_162210",
  "metrics": {
    "timestamp": 1770020530.7997777,
    "loss": 1.8101954460144043,
    "learning_rate": 0.001,
    "grad_norm": 0.6810941100120544,
    "perplexity": 6.111641811542002,
    "tokens_per_sec": 743.0122643385886,
    "step": 57,
    "epoch": 32,
    "sample_output": "",
    "anomalies": []
  }
}