{
  "saved_at": "20260202_164424",
  "metrics": {
    "timestamp": 1770021864.8232012,
    "loss": 1.7559945583343506,
    "learning_rate": 0.001,
    "grad_norm": 0.6640592217445374,
    "perplexity": 5.789202579396223,
    "tokens_per_sec": 748.9380963894401,
    "step": 375,
    "epoch": 32,
    "sample_output": "",
    "anomalies": []
  }
}