{
  "saved_at": "20260201_172926",
  "metrics": {
    "timestamp": 1769938166.6339684,
    "loss": 1.9791737794876099,
    "learning_rate": 0.001,
    "grad_norm": 0.7420095205307007,
    "perplexity": 7.236761353754261,
    "tokens_per_sec": 931.4238355535605,
    "step": 696,
    "epoch": 1,
    "sample_output": "",
    "anomalies": []
  }
}