{
  "saved_at": "20260201_182314",
  "metrics": {
    "timestamp": 1769941394.3791716,
    "loss": 1.9000556468963623,
    "learning_rate": 0.001,
    "grad_norm": 0.6805996894836426,
    "perplexity": 6.686266501906274,
    "tokens_per_sec": 925.7094691041392,
    "step": 1644,
    "epoch": 1,
    "sample_output": "",
    "anomalies": []
  }
}