{
  "saved_at": "20260201_173028",
  "metrics": {
    "timestamp": 1769938228.3558335,
    "loss": 1.8860224485397339,
    "learning_rate": 0.001,
    "grad_norm": 0.9168987274169922,
    "perplexity": 6.593092094360915,
    "tokens_per_sec": 934.0742398476091,
    "step": 714,
    "epoch": 1,
    "sample_output": "",
    "anomalies": []
  }
}