{
  "saved_at": "20260201_171149",
  "metrics": {
    "timestamp": 1769937109.023351,
    "loss": 1.9183863401412964,
    "learning_rate": 0.001,
    "grad_norm": 0.8491328954696655,
    "perplexity": 6.809960638176707,
    "tokens_per_sec": 931.9919368787042,
    "step": 384,
    "epoch": 1,
    "sample_output": "",
    "anomalies": []
  }
}