{
  "saved_at": "20260201_170835",
  "metrics": {
    "timestamp": 1769936915.4980233,
    "loss": 1.9639421701431274,
    "learning_rate": 0.001,
    "grad_norm": 0.670626163482666,
    "perplexity": 7.127369057185035,
    "tokens_per_sec": 948.5389423553638,
    "step": 327,
    "epoch": 1,
    "sample_output": "",
    "anomalies": []
  }
}