{
  "saved_at": "20260202_172946",
  "metrics": {
    "timestamp": 1770024586.6532416,
    "loss": 1.7000044584274292,
    "learning_rate": 0.001,
    "grad_norm": 0.6403902173042297,
    "perplexity": 5.473971796978802,
    "tokens_per_sec": 822.9499811449973,
    "step": 456,
    "epoch": 165,
    "sample_output": "Onocie uorar a rrililiimr Greg the AI ",
    "anomalies": []
  }
}