{
  "saved_at": "20260202_163537",
  "metrics": {
    "timestamp": 1770021337.3681173,
    "loss": 1.7285614013671875,
    "learning_rate": 0.001,
    "grad_norm": 0.6912845373153687,
    "perplexity": 5.632545105482379,
    "tokens_per_sec": 782.0331855241121,
    "step": 249,
    "epoch": 32,
    "sample_output": "",
    "anomalies": []
  }
}