{
  "saved_at": "20260202_172412",
  "metrics": {
    "timestamp": 1770024252.1300316,
    "loss": 1.8321881294250488,
    "learning_rate": 0.001,
    "grad_norm": 0.6622995138168335,
    "perplexity": 6.24754214389089,
    "tokens_per_sec": 730.5983613043957,
    "step": 375,
    "epoch": 165,
    "sample_output": "Onocie uorar a rrililiimr Greg the AI ",
    "anomalies": []
  }
}