{
  "saved_at": "20260201_165501",
  "metrics": {
    "timestamp": 1769936101.1312377,
    "loss": 1.9840186834335327,
    "learning_rate": 0.001,
    "grad_norm": 0.7463434338569641,
    "perplexity": 7.271907839316356,
    "tokens_per_sec": 928.6642301593572,
    "step": 87,
    "epoch": 1,
    "sample_output": "",
    "anomalies": []
  }
}