{
  "saved_at": "20260202_162623",
  "metrics": {
    "timestamp": 1770020783.4608774,
    "loss": 1.7553024291992188,
    "learning_rate": 0.001,
    "grad_norm": 0.6994391083717346,
    "perplexity": 5.785197089939719,
    "tokens_per_sec": 779.9734390780282,
    "step": 117,
    "epoch": 32,
    "sample_output": "",
    "anomalies": []
  }
}