{
  "saved_at": "20260202_163204",
  "metrics": {
    "timestamp": 1770021124.3389316,
    "loss": 1.7648365497589111,
    "learning_rate": 0.001,
    "grad_norm": 0.6940609216690063,
    "perplexity": 5.840617629703145,
    "tokens_per_sec": 781.6523940766494,
    "step": 198,
    "epoch": 32,
    "sample_output": "",
    "anomalies": []
  }
}