{
  "saved_at": "20260202_172322",
  "metrics": {
    "timestamp": 1770024202.6466506,
    "loss": 1.6511722803115845,
    "learning_rate": 0.001,
    "grad_norm": 0.7124665975570679,
    "perplexity": 5.213087446335467,
    "tokens_per_sec": 822.6791295651628,
    "step": 363,
    "epoch": 165,
    "sample_output": "Onocie uorar a rrililiimr Greg the AI ",
    "anomalies": []
  }
}