{
  "saved_at": "20260202_171214",
  "metrics": {
    "timestamp": 1770023534.916477,
    "loss": 1.6938724517822266,
    "learning_rate": 0.001,
    "grad_norm": 0.6829147934913635,
    "perplexity": 5.440508070298407,
    "tokens_per_sec": 314.3760631205879,
    "step": 205,
    "epoch": 165,
    "sample_output": "Onocie uorar a rrililiimr Greg the AI ",
    "anomalies": []
  }
}