{
  "saved_at": "20260201_165732",
  "metrics": {
    "timestamp": 1769936252.9461284,
    "loss": 1.9545094966888428,
    "learning_rate": 0.001,
    "grad_norm": 0.661676287651062,
    "perplexity": 7.060454997657913,
    "tokens_per_sec": 939.612688053445,
    "step": 132,
    "epoch": 1,
    "sample_output": "",
    "anomalies": []
  }
}