{
  "saved_at": "20260201_175144",
  "metrics": {
    "timestamp": 1769939504.3738682,
    "loss": 1.9376192092895508,
    "learning_rate": 0.001,
    "grad_norm": 0.7416491508483887,
    "perplexity": 6.942203347000587,
    "tokens_per_sec": 936.5216744062589,
    "step": 1089,
    "epoch": 1,
    "sample_output": "",
    "anomalies": []
  }
}