{
  "saved_at": "20260201_172046",
  "metrics": {
    "timestamp": 1769937646.5786505,
    "loss": 1.9041072130203247,
    "learning_rate": 0.001,
    "grad_norm": 0.649530827999115,
    "perplexity": 6.713411305111492,
    "tokens_per_sec": 944.3039602961705,
    "step": 543,
    "epoch": 1,
    "sample_output": "",
    "anomalies": []
  }
}