{
  "saved_at": "20260201_171754",
  "metrics": {
    "timestamp": 1769937474.3893626,
    "loss": 1.905383586883545,
    "learning_rate": 0.001,
    "grad_norm": 0.7109727263450623,
    "perplexity": 6.721985598672428,
    "tokens_per_sec": 922.4513014238684,
    "step": 492,
    "epoch": 1,
    "sample_output": "",
    "anomalies": []
  }
}