{
  "saved_at": "20260201_165359",
  "metrics": {
    "timestamp": 1769936039.442312,
    "loss": 1.9879966974258423,
    "learning_rate": 0.001,
    "grad_norm": 0.6937820911407471,
    "perplexity": 7.300893204322262,
    "tokens_per_sec": 928.6477732793522,
    "step": 69,
    "epoch": 1,
    "sample_output": "",
    "anomalies": []
  }
}