{
  "saved_at": "20260201_181421",
  "metrics": {
    "timestamp": 1769940861.3450325,
    "loss": 1.8405559062957764,
    "learning_rate": 0.001,
    "grad_norm": 0.7152750492095947,
    "perplexity": 6.300039519383174,
    "tokens_per_sec": 935.4753586477724,
    "step": 1488,
    "epoch": 1,
    "sample_output": "",
    "anomalies": []
  }
}