{
  "saved_at": "20260202_170421",
  "metrics": {
    "timestamp": 1770023061.7641652,
    "loss": 1.8062994480133057,
    "learning_rate": 0.001,
    "grad_norm": 0.7158258557319641,
    "perplexity": 6.087877190778162,
    "tokens_per_sec": 768.4716717595088,
    "step": 89,
    "epoch": 165,
    "sample_output": "Onocie uorar a rrililiimr Greg the AI ",
    "anomalies": []
  }
}