{
  "saved_at": "20260202_170545",
  "metrics": {
    "timestamp": 1770023145.8688564,
    "loss": 1.6506078243255615,
    "learning_rate": 0.001,
    "grad_norm": 0.6219853162765503,
    "perplexity": 5.210145718236845,
    "tokens_per_sec": 823.8134500641331,
    "step": 110,
    "epoch": 165,
    "sample_output": "Onocie uorar a rrililiimr Greg the AI ",
    "anomalies": []
  }
}