{
  "saved_at": "20260202_171136",
  "metrics": {
    "timestamp": 1770023496.4273145,
    "loss": 1.7293531894683838,
    "learning_rate": 0.001,
    "grad_norm": 0.6917510032653809,
    "perplexity": 5.637006653743675,
    "tokens_per_sec": 770.8449801435403,
    "step": 197,
    "epoch": 165,
    "sample_output": "Onocie uorar a rrililiimr Greg the AI ",
    "anomalies": []
  }
}