{
  "saved_at": "20260201_174455",
  "metrics": {
    "timestamp": 1769939095.5608606,
    "loss": 1.8914579153060913,
    "learning_rate": 0.001,
    "grad_norm": 0.6470166444778442,
    "perplexity": 6.62902619817025,
    "tokens_per_sec": 932.6955652821224,
    "step": 969,
    "epoch": 1,
    "sample_output": "",
    "anomalies": []
  }
}