{
  "saved_at": "20260201_174445",
  "metrics": {
    "timestamp": 1769939085.3657846,
    "loss": 1.9701138734817505,
    "learning_rate": 0.001,
    "grad_norm": 0.705495297908783,
    "perplexity": 7.1714930847383025,
    "tokens_per_sec": 935.3630665866417,
    "step": 966,
    "epoch": 1,
    "sample_output": "",
    "anomalies": []
  }
}