{
  "saved_at": "20260201_165217",
  "metrics": {
    "timestamp": 1769935937.1421232,
    "loss": 1.9872076511383057,
    "learning_rate": 0.001,
    "grad_norm": 0.7579549551010132,
    "perplexity": 7.295134733792352,
    "tokens_per_sec": 921.2604368608189,
    "step": 39,
    "epoch": 1,
    "sample_output": "",
    "anomalies": []
  }
}