{
  "saved_at": "20260202_171304",
  "metrics": {
    "timestamp": 1770023584.2699745,
    "loss": 1.7571231126785278,
    "learning_rate": 0.001,
    "grad_norm": 0.6603082418441772,
    "perplexity": 5.7957396971690285,
    "tokens_per_sec": 634.7892937035876,
    "step": 213,
    "epoch": 165,
    "sample_output": "Onocie uorar a rrililiimr Greg the AI ",
    "anomalies": []
  }
}