{
  "saved_at": "20260202_163627",
  "metrics": {
    "timestamp": 1770021387.5389206,
    "loss": 1.6589044332504272,
    "learning_rate": 0.001,
    "grad_norm": 0.6454542279243469,
    "perplexity": 5.2535520734950465,
    "tokens_per_sec": 780.3655721673041,
    "step": 261,
    "epoch": 32,
    "sample_output": "",
    "anomalies": []
  }
}