{
  "saved_at": "20260202_172436",
  "metrics": {
    "timestamp": 1770024276.001541,
    "loss": 1.6421418190002441,
    "learning_rate": 0.001,
    "grad_norm": 0.6681573987007141,
    "perplexity": 5.166222785074885,
    "tokens_per_sec": 807.5172929611118,
    "step": 381,
    "epoch": 165,
    "sample_output": "Onocie uorar a rrililiimr Greg the AI ",
    "anomalies": []
  }
}