{
  "saved_at": "20260202_171732",
  "metrics": {
    "timestamp": 1770023852.8891525,
    "loss": 1.7595314979553223,
    "learning_rate": 0.001,
    "grad_norm": 0.6690837740898132,
    "perplexity": 5.809714893397191,
    "tokens_per_sec": 810.2538023952059,
    "step": 279,
    "epoch": 165,
    "sample_output": "Onocie uorar a rrililiimr Greg the AI ",
    "anomalies": []
  }
}