{
  "saved_at": "20260202_162301",
  "metrics": {
    "timestamp": 1770020581.3720214,
    "loss": 1.8114995956420898,
    "learning_rate": 0.001,
    "grad_norm": 0.6779470443725586,
    "perplexity": 6.119617506554487,
    "tokens_per_sec": 766.3619533619004,
    "step": 69,
    "epoch": 32,
    "sample_output": "",
    "anomalies": []
  }
}