{
  "saved_at": "20260201_170532",
  "metrics": {
    "timestamp": 1769936732.3643,
    "loss": 2.067486524581909,
    "learning_rate": 0.001,
    "grad_norm": 0.7945271730422974,
    "perplexity": 7.904929281557672,
    "tokens_per_sec": 926.7152365818027,
    "step": 273,
    "epoch": 1,
    "sample_output": "",
    "anomalies": []
  }
}