{
  "saved_at": "20260201_174333",
  "metrics": {
    "timestamp": 1769939013.7896996,
    "loss": 1.8246878385543823,
    "learning_rate": 0.001,
    "grad_norm": 0.7093217372894287,
    "perplexity": 6.200859047828349,
    "tokens_per_sec": 915.602094672346,
    "step": 945,
    "epoch": 1,
    "sample_output": "",
    "anomalies": []
  }
}