{
  "saved_at": "20260201_173959",
  "metrics": {
    "timestamp": 1769938799.2604847,
    "loss": 1.9105278253555298,
    "learning_rate": 0.001,
    "grad_norm": 0.6911455988883972,
    "perplexity": 6.756654190896766,
    "tokens_per_sec": 938.0581790827163,
    "step": 882,
    "epoch": 1,
    "sample_output": "",
    "anomalies": []
  }
}