{
  "saved_at": "20260202_172652",
  "metrics": {
    "timestamp": 1770024412.308215,
    "loss": 1.7435061931610107,
    "learning_rate": 0.001,
    "grad_norm": 0.6737523674964905,
    "perplexity": 5.717354470014865,
    "tokens_per_sec": 775.2550123500054,
    "step": 414,
    "epoch": 165,
    "sample_output": "Onocie uorar a rrililiimr Greg the AI ",
    "anomalies": []
  }
}