{
  "saved_at": "20260201_172723",
  "metrics": {
    "timestamp": 1769938043.951427,
    "loss": 1.9241232872009277,
    "learning_rate": 0.001,
    "grad_norm": 0.7263495922088623,
    "perplexity": 6.849141303074964,
    "tokens_per_sec": 933.3897916187819,
    "step": 660,
    "epoch": 1,
    "sample_output": "",
    "anomalies": []
  }
}