{
  "saved_at": "20260201_164540",
  "metrics": {
    "timestamp": 1769935540.587828,
    "loss": 2.0683205127716064,
    "learning_rate": 0.001,
    "grad_norm": 0.7945582270622253,
    "perplexity": 7.911524649065911,
    "tokens_per_sec": 953.2734552070785,
    "step": 510,
    "epoch": 1,
    "sample_output": "",
    "anomalies": []
  }
}