{
  "saved_at": "20260201_171017",
  "metrics": {
    "timestamp": 1769937017.0134778,
    "loss": 1.9586706161499023,
    "learning_rate": 0.001,
    "grad_norm": 0.9028345346450806,
    "perplexity": 7.0898956048141715,
    "tokens_per_sec": 923.265327632862,
    "step": 357,
    "epoch": 1,
    "sample_output": "",
    "anomalies": []
  }
}