{
  "saved_at": "20260202_162945",
  "metrics": {
    "timestamp": 1770020985.3813076,
    "loss": 1.752784252166748,
    "learning_rate": 0.001,
    "grad_norm": 0.6857396364212036,
    "perplexity": 5.770647266703496,
    "tokens_per_sec": 775.3125939769056,
    "step": 165,
    "epoch": 32,
    "sample_output": "",
    "anomalies": []
  }
}