{
  "saved_at": "20260201_181411",
  "metrics": {
    "timestamp": 1769940851.2411263,
    "loss": 1.8356726169586182,
    "learning_rate": 0.001,
    "grad_norm": 0.6973450183868408,
    "perplexity": 6.269349598443616,
    "tokens_per_sec": 940.761062402622,
    "step": 1485,
    "epoch": 1,
    "sample_output": "",
    "anomalies": []
  }
}