{
  "saved_at": "20260202_164103",
  "metrics": {
    "timestamp": 1770021663.5617778,
    "loss": 1.7512365579605103,
    "learning_rate": 0.001,
    "grad_norm": 0.6858391165733337,
    "perplexity": 5.761722977179578,
    "tokens_per_sec": 779.6361311177088,
    "step": 327,
    "epoch": 32,
    "sample_output": "",
    "anomalies": []
  }
}