{
  "saved_at": "20260202_172615",
  "metrics": {
    "timestamp": 1770024375.3375072,
    "loss": 1.614585280418396,
    "learning_rate": 0.001,
    "grad_norm": 0.6881483197212219,
    "perplexity": 5.025803192212094,
    "tokens_per_sec": 751.1804105124888,
    "step": 405,
    "epoch": 165,
    "sample_output": "Onocie uorar a rrililiimr Greg the AI ",
    "anomalies": []
  }
}