{
  "saved_at": "20260202_171844",
  "metrics": {
    "timestamp": 1770023924.1829808,
    "loss": 1.653037428855896,
    "learning_rate": 0.001,
    "grad_norm": 0.6812691688537598,
    "perplexity": 5.222819702027273,
    "tokens_per_sec": 784.8433116776528,
    "step": 297,
    "epoch": 165,
    "sample_output": "Onocie uorar a rrililiimr Greg the AI ",
    "anomalies": []
  }
}