{
  "saved_at": "20260201_172612",
  "metrics": {
    "timestamp": 1769937972.9576342,
    "loss": 1.9065024852752686,
    "learning_rate": 0.001,
    "grad_norm": 0.6806343793869019,
    "perplexity": 6.729511026857608,
    "tokens_per_sec": 944.3548081130727,
    "step": 639,
    "epoch": 1,
    "sample_output": "",
    "anomalies": []
  }
}