{
  "saved_at": "20260201_182609",
  "metrics": {
    "timestamp": 1769941569.6257675,
    "loss": 1.8429020643234253,
    "learning_rate": 0.001,
    "grad_norm": 0.7131251096725464,
    "perplexity": 6.3148377603940276,
    "tokens_per_sec": 876.9818240127373,
    "step": 1695,
    "epoch": 1,
    "sample_output": "",
    "anomalies": []
  }
}