{
  "saved_at": "20260201_182456",
  "metrics": {
    "timestamp": 1769941496.7118084,
    "loss": 1.9254289865493774,
    "learning_rate": 0.001,
    "grad_norm": 0.7861859798431396,
    "perplexity": 6.858090063335691,
    "tokens_per_sec": 931.630787606944,
    "step": 1674,
    "epoch": 1,
    "sample_output": "",
    "anomalies": []
  }
}