{
  "saved_at": "20260202_161848",
  "metrics": {
    "timestamp": 1770020328.244471,
    "loss": 1.8485982418060303,
    "learning_rate": 0.001,
    "grad_norm": 0.8054141998291016,
    "perplexity": 6.350910838842826,
    "tokens_per_sec": 757.5613516834634,
    "step": 9,
    "epoch": 32,
    "sample_output": "",
    "anomalies": []
  }
}