{
  "saved_at": "20260201_161806",
  "metrics": {
    "timestamp": 1769933886.0976212,
    "loss": 2.9229671955108643,
    "learning_rate": 0.001,
    "grad_norm": 1.0760416984558105,
    "perplexity": 18.59638478650918,
    "tokens_per_sec": 948.8201289721438,
    "step": 39,
    "epoch": 1,
    "sample_output": "",
    "anomalies": []
  }
}