{
  "saved_at": "20260202_171534",
  "metrics": {
    "timestamp": 1770023734.6766093,
    "loss": 1.8335262537002563,
    "learning_rate": 0.001,
    "grad_norm": 0.7268903851509094,
    "perplexity": 6.2559077275410235,
    "tokens_per_sec": 808.1731427453963,
    "step": 249,
    "epoch": 165,
    "sample_output": "Onocie uorar a rrililiimr Greg the AI ",
    "anomalies": []
  }
}