{
  "saved_at": "20260202_170345",
  "metrics": {
    "timestamp": 1770023025.4674711,
    "loss": 1.630100131034851,
    "learning_rate": 0.001,
    "grad_norm": 0.6437536478042603,
    "perplexity": 5.104385800381193,
    "tokens_per_sec": 823.2716600787437,
    "step": 80,
    "epoch": 165,
    "sample_output": "Onocie uorar a rrililiimr Greg the AI ",
    "anomalies": []
  }
}