{
  "saved_at": "20260202_163447",
  "metrics": {
    "timestamp": 1770021287.374801,
    "loss": 1.7172058820724487,
    "learning_rate": 0.001,
    "grad_norm": 0.6853715777397156,
    "perplexity": 5.568946412359948,
    "tokens_per_sec": 781.5122127179262,
    "step": 237,
    "epoch": 32,
    "sample_output": "",
    "anomalies": []
  }
}