{
  "saved_at": "20260202_172021",
  "metrics": {
    "timestamp": 1770024021.315239,
    "loss": 1.6800576448440552,
    "learning_rate": 0.001,
    "grad_norm": 0.7146206498146057,
    "perplexity": 5.365865276674049,
    "tokens_per_sec": 740.7017036628704,
    "step": 321,
    "epoch": 165,
    "sample_output": "Onocie uorar a rrililiimr Greg the AI ",
    "anomalies": []
  }
}