{
  "saved_at": "20260201_172936",
  "metrics": {
    "timestamp": 1769938176.8585994,
    "loss": 1.9808868169784546,
    "learning_rate": 0.001,
    "grad_norm": 0.6562466025352478,
    "perplexity": 7.249168821460071,
    "tokens_per_sec": 925.2582007020893,
    "step": 699,
    "epoch": 1,
    "sample_output": "",
    "anomalies": []
  }
}