{
  "saved_at": "20260201_181714",
  "metrics": {
    "timestamp": 1769941034.411909,
    "loss": 1.8261194229125977,
    "learning_rate": 0.001,
    "grad_norm": 0.7013120651245117,
    "perplexity": 6.20974245780694,
    "tokens_per_sec": 931.281654675062,
    "step": 1539,
    "epoch": 1,
    "sample_output": "",
    "anomalies": []
  }
}