{
  "saved_at": "20260201_170350",
  "metrics": {
    "timestamp": 1769936630.0440707,
    "loss": 1.9898391962051392,
    "learning_rate": 0.001,
    "grad_norm": 0.7172361016273499,
    "perplexity": 7.314357491296111,
    "tokens_per_sec": 936.9729195200582,
    "step": 243,
    "epoch": 1,
    "sample_output": "",
    "anomalies": []
  }
}