{
  "saved_at": "20260201_171945",
  "metrics": {
    "timestamp": 1769937585.8317995,
    "loss": 1.8893413543701172,
    "learning_rate": 0.001,
    "grad_norm": 0.7220202088356018,
    "perplexity": 6.615010298261172,
    "tokens_per_sec": 940.9873313001717,
    "step": 525,
    "epoch": 1,
    "sample_output": "",
    "anomalies": []
  }
}