{
  "saved_at": "20260201_170825",
  "metrics": {
    "timestamp": 1769936905.4267807,
    "loss": 2.0258734226226807,
    "learning_rate": 0.001,
    "grad_norm": 0.6998294591903687,
    "perplexity": 7.582730981952157,
    "tokens_per_sec": 939.6811569933832,
    "step": 324,
    "epoch": 1,
    "sample_output": "",
    "anomalies": []
  }
}