{
  "saved_at": "20260202_164116",
  "metrics": {
    "timestamp": 1770021676.0690742,
    "loss": 1.7296812534332275,
    "learning_rate": 0.001,
    "grad_norm": 0.673582911491394,
    "perplexity": 5.638856255873668,
    "tokens_per_sec": 772.5319769878041,
    "step": 330,
    "epoch": 32,
    "sample_output": "",
    "anomalies": []
  }
}