{
  "saved_at": "20260202_162713",
  "metrics": {
    "timestamp": 1770020833.671361,
    "loss": 1.8002561330795288,
    "learning_rate": 0.001,
    "grad_norm": 0.6346495151519775,
    "perplexity": 6.051197177706016,
    "tokens_per_sec": 781.2035814209858,
    "step": 129,
    "epoch": 32,
    "sample_output": "",
    "anomalies": []
  }
}