{
  "saved_at": "20260202_164449",
  "metrics": {
    "timestamp": 1770021889.9593678,
    "loss": 1.7402520179748535,
    "learning_rate": 0.001,
    "grad_norm": 0.6965492367744446,
    "perplexity": 5.698779436566474,
    "tokens_per_sec": 762.3049875877699,
    "step": 381,
    "epoch": 32,
    "sample_output": "",
    "anomalies": []
  }
}