{
  "saved_at": "20260202_163524",
  "metrics": {
    "timestamp": 1770021324.9311414,
    "loss": 1.872764229774475,
    "learning_rate": 0.001,
    "grad_norm": 0.6836783289909363,
    "perplexity": 6.506256352662225,
    "tokens_per_sec": 780.8384515517085,
    "step": 246,
    "epoch": 32,
    "sample_output": "",
    "anomalies": []
  }
}