{
  "saved_at": "20260202_172148",
  "metrics": {
    "timestamp": 1770024108.5803914,
    "loss": 1.7361217737197876,
    "learning_rate": 0.001,
    "grad_norm": 0.6274958848953247,
    "perplexity": 5.675290626190894,
    "tokens_per_sec": 803.9716444757914,
    "step": 342,
    "epoch": 165,
    "sample_output": "Onocie uorar a rrililiimr Greg the AI ",
    "anomalies": []
  }
}