{
  "saved_at": "20260201_174414",
  "metrics": {
    "timestamp": 1769939054.7399473,
    "loss": 1.9238990545272827,
    "learning_rate": 0.001,
    "grad_norm": 0.7593713998794556,
    "perplexity": 6.847605673983946,
    "tokens_per_sec": 917.2584977081679,
    "step": 957,
    "epoch": 1,
    "sample_output": "",
    "anomalies": []
  }
}