{
  "saved_at": "20260201_165823",
  "metrics": {
    "timestamp": 1769936303.7502835,
    "loss": 1.9119410514831543,
    "learning_rate": 0.001,
    "grad_norm": 0.7757826447486877,
    "perplexity": 6.7662096215364365,
    "tokens_per_sec": 943.440452093849,
    "step": 147,
    "epoch": 1,
    "sample_output": "",
    "anomalies": []
  }
}