{
  "saved_at": "20260202_171820",
  "metrics": {
    "timestamp": 1770023900.4508944,
    "loss": 1.73768150806427,
    "learning_rate": 0.001,
    "grad_norm": 0.6918710470199585,
    "perplexity": 5.684149478827875,
    "tokens_per_sec": 779.4276145184895,
    "step": 291,
    "epoch": 165,
    "sample_output": "Onocie uorar a rrililiimr Greg the AI ",
    "anomalies": []
  }
}