{
  "saved_at": "20260201_175811",
  "metrics": {
    "timestamp": 1769939891.1747901,
    "loss": 1.8744324445724487,
    "learning_rate": 0.001,
    "grad_norm": 0.6514579653739929,
    "perplexity": 6.517119244088027,
    "tokens_per_sec": 937.3098354152365,
    "step": 1203,
    "epoch": 1,
    "sample_output": "",
    "anomalies": []
  }
}