{
  "saved_at": "20260201_171410",
  "metrics": {
    "timestamp": 1769937250.4523263,
    "loss": 1.859660029411316,
    "learning_rate": 0.001,
    "grad_norm": 0.6609165072441101,
    "perplexity": 6.421553261043086,
    "tokens_per_sec": 929.2965896262131,
    "step": 426,
    "epoch": 1,
    "sample_output": "",
    "anomalies": []
  }
}