{
  "saved_at": "20260202_172743",
  "metrics": {
    "timestamp": 1770024463.7687795,
    "loss": 1.8205779790878296,
    "learning_rate": 0.001,
    "grad_norm": 0.7761438488960266,
    "perplexity": 6.175426686084249,
    "tokens_per_sec": 745.9552875272811,
    "step": 426,
    "epoch": 165,
    "sample_output": "Onocie uorar a rrililiimr Greg the AI ",
    "anomalies": []
  }
}