{
  "saved_at": "20260201_182100",
  "metrics": {
    "timestamp": 1769941260.8228486,
    "loss": 1.7227555513381958,
    "learning_rate": 0.001,
    "grad_norm": 0.724197506904602,
    "perplexity": 5.59993814048538,
    "tokens_per_sec": 924.7531461048594,
    "step": 1605,
    "epoch": 1,
    "sample_output": "",
    "anomalies": []
  }
}