{
  "saved_at": "20260202_162545",
  "metrics": {
    "timestamp": 1770020745.8012772,
    "loss": 1.6960772275924683,
    "learning_rate": 0.001,
    "grad_norm": 0.6926776170730591,
    "perplexity": 5.452516403864498,
    "tokens_per_sec": 781.5856651198711,
    "step": 108,
    "epoch": 32,
    "sample_output": "",
    "anomalies": []
  }
}