{
  "saved_at": "20260201_165712",
  "metrics": {
    "timestamp": 1769936232.6648195,
    "loss": 1.9805996417999268,
    "learning_rate": 0.001,
    "grad_norm": 0.8473781943321228,
    "perplexity": 7.247087338998943,
    "tokens_per_sec": 939.0156860785374,
    "step": 126,
    "epoch": 1,
    "sample_output": "",
    "anomalies": []
  }
}