{
  "saved_at": "20260201_163148",
  "metrics": {
    "timestamp": 1769934708.7371871,
    "loss": 2.3256609439849854,
    "learning_rate": 0.001,
    "grad_norm": 0.6701591610908508,
    "perplexity": 10.233441582719289,
    "tokens_per_sec": 958.9778365990688,
    "step": 273,
    "epoch": 1,
    "sample_output": "",
    "anomalies": []
  }
}