{
  "saved_at": "20260202_171832",
  "metrics": {
    "timestamp": 1770023912.259087,
    "loss": 1.6853234767913818,
    "learning_rate": 0.001,
    "grad_norm": 0.6402682662010193,
    "perplexity": 5.394195547230788,
    "tokens_per_sec": 809.8069213490854,
    "step": 294,
    "epoch": 165,
    "sample_output": "Onocie uorar a rrililiimr Greg the AI ",
    "anomalies": []
  }
}