{
  "saved_at": "20260201_174100",
  "metrics": {
    "timestamp": 1769938860.0717392,
    "loss": 1.7713884115219116,
    "learning_rate": 0.001,
    "grad_norm": 0.7611885666847229,
    "perplexity": 5.879010183035264,
    "tokens_per_sec": 907.2772588334312,
    "step": 900,
    "epoch": 1,
    "sample_output": "",
    "anomalies": []
  }
}