{
  "saved_at": "20260202_170755",
  "metrics": {
    "timestamp": 1770023275.8750858,
    "loss": 1.7077467441558838,
    "learning_rate": 0.001,
    "grad_norm": 0.668760359287262,
    "perplexity": 5.516517338042848,
    "tokens_per_sec": 822.0796812080109,
    "step": 143,
    "epoch": 165,
    "sample_output": "Onocie uorar a rrililiimr Greg the AI ",
    "anomalies": []
  }
}