{
  "saved_at": "20260201_165955",
  "metrics": {
    "timestamp": 1769936395.9763322,
    "loss": 2.0440211296081543,
    "learning_rate": 0.001,
    "grad_norm": 0.8121500015258789,
    "perplexity": 7.721596395245845,
    "tokens_per_sec": 930.0032541148036,
    "step": 174,
    "epoch": 1,
    "sample_output": "",
    "anomalies": []
  }
}