{
  "saved_at": "20260202_170123",
  "metrics": {
    "timestamp": 1770022883.139221,
    "loss": 1.6862225532531738,
    "learning_rate": 0.001,
    "grad_norm": 0.6373040676116943,
    "perplexity": 5.399047522299058,
    "tokens_per_sec": 831.4206403710149,
    "step": 45,
    "epoch": 165,
    "sample_output": "Onocie uorar a rrililiimr Greg the AI ",
    "anomalies": []
  }
}