{
  "saved_at": "20260202_171744",
  "metrics": {
    "timestamp": 1770023864.772755,
    "loss": 1.7134120464324951,
    "learning_rate": 0.001,
    "grad_norm": 0.678626298904419,
    "perplexity": 5.5478587717981025,
    "tokens_per_sec": 803.4256016843899,
    "step": 282,
    "epoch": 165,
    "sample_output": "Onocie uorar a rrililiimr Greg the AI ",
    "anomalies": []
  }
}