{
  "saved_at": "20260202_164038",
  "metrics": {
    "timestamp": 1770021638.4596028,
    "loss": 1.792940378189087,
    "learning_rate": 0.001,
    "grad_norm": 0.6644800305366516,
    "perplexity": 6.007089639051433,
    "tokens_per_sec": 780.7892573865735,
    "step": 321,
    "epoch": 32,
    "sample_output": "",
    "anomalies": []
  }
}