{
  "saved_at": "20260201_172106",
  "metrics": {
    "timestamp": 1769937666.81148,
    "loss": 1.9348398447036743,
    "learning_rate": 0.001,
    "grad_norm": 0.6873569488525391,
    "perplexity": 6.922935221845967,
    "tokens_per_sec": 941.2300755118653,
    "step": 549,
    "epoch": 1,
    "sample_output": "",
    "anomalies": []
  }
}