{
  "saved_at": "20260202_172008",
  "metrics": {
    "timestamp": 1770024008.791626,
    "loss": 1.8180301189422607,
    "learning_rate": 0.001,
    "grad_norm": 0.6453245878219604,
    "perplexity": 6.1597125897096205,
    "tokens_per_sec": 716.5526313992304,
    "step": 318,
    "epoch": 165,
    "sample_output": "Onocie uorar a rrililiimr Greg the AI ",
    "anomalies": []
  }
}