{
  "saved_at": "20260201_165125",
  "metrics": {
    "timestamp": 1769935885.1835523,
    "loss": 2.1102969646453857,
    "learning_rate": 0.001,
    "grad_norm": 0.6571195125579834,
    "perplexity": 8.250691084408764,
    "tokens_per_sec": 935.4639818621507,
    "step": 24,
    "epoch": 1,
    "sample_output": "",
    "anomalies": []
  }
}