{
  "saved_at": "20260202_174433",
  "metrics": {
    "timestamp": 1770025473.9012961,
    "loss": 1.8365843296051025,
    "learning_rate": 0.001,
    "grad_norm": 0.8194622993469238,
    "perplexity": 6.275068050154012,
    "tokens_per_sec": 795.7994603820803,
    "step": 3,
    "epoch": 32,
    "sample_output": "",
    "anomalies": []
  }
}