{
  "saved_at": "20260202_172225",
  "metrics": {
    "timestamp": 1770024145.3816972,
    "loss": 1.6680634021759033,
    "learning_rate": 0.001,
    "grad_norm": 0.6291018128395081,
    "perplexity": 5.30189021956323,
    "tokens_per_sec": 811.9278747418132,
    "step": 351,
    "epoch": 165,
    "sample_output": "Onocie uorar a rrililiimr Greg the AI ",
    "anomalies": []
  }
}