{
  "saved_at": "20260202_164321",
  "metrics": {
    "timestamp": 1770021801.514446,
    "loss": 1.7435221672058105,
    "learning_rate": 0.001,
    "grad_norm": 0.6880173683166504,
    "perplexity": 5.717445800020758,
    "tokens_per_sec": 761.0866836949133,
    "step": 360,
    "epoch": 32,
    "sample_output": "",
    "anomalies": []
  }
}