{
  "saved_at": "20260201_175649",
  "metrics": {
    "timestamp": 1769939809.558245,
    "loss": 1.855340838432312,
    "learning_rate": 0.001,
    "grad_norm": 0.6897090673446655,
    "perplexity": 6.393877158339104,
    "tokens_per_sec": 939.5232235855781,
    "step": 1179,
    "epoch": 1,
    "sample_output": "",
    "anomalies": []
  }
}