{
  "saved_at": "20260201_182548",
  "metrics": {
    "timestamp": 1769941548.1906157,
    "loss": 1.8437573909759521,
    "learning_rate": 0.001,
    "grad_norm": 0.7046641707420349,
    "perplexity": 6.320241320011726,
    "tokens_per_sec": 925.9432858267786,
    "step": 1689,
    "epoch": 1,
    "sample_output": "",
    "anomalies": []
  }
}