{
  "saved_at": "20260201_182345",
  "metrics": {
    "timestamp": 1769941425.028946,
    "loss": 1.7714917659759521,
    "learning_rate": 0.001,
    "grad_norm": 0.6923774480819702,
    "perplexity": 5.879617836324327,
    "tokens_per_sec": 934.8699129149752,
    "step": 1653,
    "epoch": 1,
    "sample_output": "",
    "anomalies": []
  }
}