{
  "saved_at": "20260201_172703",
  "metrics": {
    "timestamp": 1769938023.6185138,
    "loss": 2.073932409286499,
    "learning_rate": 0.001,
    "grad_norm": 0.804463803768158,
    "perplexity": 7.956048120378739,
    "tokens_per_sec": 942.9575391081125,
    "step": 654,
    "epoch": 1,
    "sample_output": "",
    "anomalies": []
  }
}