{
  "saved_at": "20260201_171047",
  "metrics": {
    "timestamp": 1769937047.7374532,
    "loss": 1.9295060634613037,
    "learning_rate": 0.001,
    "grad_norm": 0.7020379304885864,
    "perplexity": 6.886108101029187,
    "tokens_per_sec": 921.5995121176052,
    "step": 366,
    "epoch": 1,
    "sample_output": "",
    "anomalies": []
  }
}