{
  "saved_at": "20260202_171919",
  "metrics": {
    "timestamp": 1770023959.6914742,
    "loss": 1.8615926504135132,
    "learning_rate": 0.001,
    "grad_norm": 0.7333617806434631,
    "perplexity": 6.433975689798957,
    "tokens_per_sec": 812.232260112964,
    "step": 306,
    "epoch": 165,
    "sample_output": "Onocie uorar a rrililiimr Greg the AI ",
    "anomalies": []
  }
}