{
  "saved_at": "20260201_162128",
  "metrics": {
    "timestamp": 1769934088.4667401,
    "loss": 2.646826982498169,
    "learning_rate": 0.001,
    "grad_norm": 0.6233983039855957,
    "perplexity": 14.10919880944529,
    "tokens_per_sec": 957.076999678215,
    "step": 96,
    "epoch": 1,
    "sample_output": "",
    "anomalies": []
  }
}