{
  "saved_at": "20260201_181330",
  "metrics": {
    "timestamp": 1769940810.7737155,
    "loss": 1.8236463069915771,
    "learning_rate": 0.001,
    "grad_norm": 0.67610102891922,
    "perplexity": 6.1944040195548995,
    "tokens_per_sec": 935.422801542551,
    "step": 1473,
    "epoch": 1,
    "sample_output": "",
    "anomalies": []
  }
}