{
  "saved_at": "20260201_183728",
  "metrics": {
    "timestamp": 1769942248.242704,
    "loss": 1.853791356086731,
    "learning_rate": 0.001,
    "grad_norm": 0.7659046053886414,
    "perplexity": 6.3839776301151945,
    "tokens_per_sec": 924.271893256326,
    "step": 1893,
    "epoch": 1,
    "sample_output": "",
    "anomalies": []
  }
}