{
  "saved_at": "20260202_163114",
  "metrics": {
    "timestamp": 1770021074.1264129,
    "loss": 1.8755098581314087,
    "learning_rate": 0.001,
    "grad_norm": 0.7075466513633728,
    "perplexity": 6.524144660686913,
    "tokens_per_sec": 780.4871876282953,
    "step": 186,
    "epoch": 32,
    "sample_output": "",
    "anomalies": []
  }
}