{
  "saved_at": "20260202_162508",
  "metrics": {
    "timestamp": 1770020708.2480116,
    "loss": 1.6994613409042358,
    "learning_rate": 0.001,
    "grad_norm": 0.6973996162414551,
    "perplexity": 5.4709995941751695,
    "tokens_per_sec": 681.056964310986,
    "step": 99,
    "epoch": 32,
    "sample_output": "",
    "anomalies": []
  }
}