{
  "saved_at": "20260201_173603",
  "metrics": {
    "timestamp": 1769938563.6399271,
    "loss": 1.8720638751983643,
    "learning_rate": 0.001,
    "grad_norm": 0.696456789970398,
    "perplexity": 6.501701261527936,
    "tokens_per_sec": 939.6132250259168,
    "step": 813,
    "epoch": 1,
    "sample_output": "",
    "anomalies": []
  }
}