{"timestamp": 1770025717, "ema_loss_history": [1.9251899719238281, 1.8978676795959473, 1.8154908418655396, 1.8431757688522339, 1.91024911403656, 1.7082901000976562, 1.8361002206802368, 1.7627792358398438, 1.8451470136642456, 1.7744829654693604, 1.7736457586288452, 1.8189339637756348, 1.7818007469177246, 1.7131638526916504, 1.6860116720199585, 1.7632583379745483, 1.809141755104065, 1.6848193407058716, 1.7349764108657837, 1.657096266746521, 1.7669570446014404, 1.7771267890930176, 1.8053258657455444, 1.789519190788269, 1.6799485683441162, 1.7108277082443237, 1.5830309391021729, 1.726249098777771, 1.7968854904174805, 1.7446755170822144, 1.8496345281600952, 1.764642596244812, 1.7365663051605225, 1.7296812534332275, 1.7541160583496094, 1.7853749990463257, 1.7435221672058105, 1.8694016933441162, 1.7392339706420898, 1.8143657445907593, 1.7835181445877084, 1.7886184563996865, 1.794964502283018, 1.7962424872714617, 1.755413167268216, 1.7442806501967885]}