{"timestamp": 1770111421, "ema_loss_history": [2.0044524669647217, 2.005621075630188, 2.004346716403961, 2.007329536676407, 2.0110984503030775, 2.0131995790123938, 2.006542096697092, 2.0070776672626733, 2.0067057131050703, 2.005109016744972, 2.003223155124796], "raw_loss_history": [2.0044524669647217, 2.0161385536193848, 1.99287748336792, 2.034174919128418, 2.0450186729431152, 2.0321097373962402, 1.946624755859375, 2.0118978023529053, 2.0033581256866455, 1.9907387495040894, 1.986250400543213], "lr_history": [0.0001, 0.0001, 0.0001, 0.0001, 0.0001, 0.0001, 0.0001, 0.0001, 0.0001, 0.0001, 0.0001], "grad_norm_history": [0.6790905594825745, 0.7556337118148804, 0.7430172562599182, 0.679724395275116, 0.7110531330108643, 0.7013851404190063, 0.6608940958976746, 0.651161253452301, 0.6414655447006226, 0.6300908923149109, 0.6578158736228943]}